,Player,Versus,StatGroup,Statistic,Per90,Percentile,BasedOnMinutes,scouting_period,,Goals
0,Lionel Messi,Att Mid / Wingers,Standard,Non-Penalty Goals,0.48,93,3028,Last 365 Days,,
1,Lionel Messi,Att Mid / Wingers,Standard,Non-Penalty xG,0.48,96,3028,Last 365 Days,,
2,Lionel Messi,Att Mid / Wingers,Standard,Shots Total,3.86,98,3028,Last 365 Days,,
3,Lionel Messi,Att Mid / Wingers,Standard,Assists,0.71,99,3028,Last 365 Days,,
4,Lionel Messi,Att Mid / Wingers,Standard,xAG,0.4,96,3028,Last 365 Days,,
5,Lionel Messi,Att Mid / Wingers,Standard,npxG + xAG,0.88,98,3028,Last 365 Days,,
6,Lionel Messi,Att Mid / Wingers,Standard,Shot-Creating Actions,6.51,98,3028,Last 365 Days,,
7,Lionel Messi,Att Mid / Wingers,Standard,Passes Attempted,68.39,98,3028,Last 365 Days,,
8,Lionel Messi,Att Mid / Wingers,Standard,Pass Completion %,83.5,92,3028,Last 365 Days,,
9,Lionel Messi,Att Mid / Wingers,Standard,Progressive Passes,9.39,99,3028,Last 365 Days,,
10,Lionel Messi,Att Mid / Wingers,Standard,Dribbles Completed,3.06,95,3028,Last 365 Days,,
11,Lionel Messi,Att Mid / Wingers,Standard,Touches (Att Pen),4.87,75,3028,Last 365 Days,,
12,Lionel Messi,Att Mid / Wingers,Standard,Progressive Passes Rec,5.41,41,3028,Last 365 Days,,
13,Lionel Messi,Att Mid / Wingers,Standard,Tackles,0.65,12,3028,Last 365 Days,,
14,Lionel Messi,Att Mid / Wingers,Standard,Interceptions,0.09,1,3028,Last 365 Days,,
15,Lionel Messi,Att Mid / Wingers,Standard,Blocks,0.33,3,3028,Last 365 Days,,
16,Lionel Messi,Att Mid / Wingers,Standard,Clearances,0,2,3028,Last 365 Days,,
17,Lionel Messi,Att Mid / Wingers,Standard,Aerials won,0.12,10,3028,Last 365 Days,,
18,Lionel Messi,Att Mid / Wingers,Standard,Non-Penalty Goals,0.83,95,433,2022-2023 Champions League,,
19,Lionel Messi,Att Mid / Wingers,Standard,Non-Penalty xG,0.44,88,433,2022-2023 Champions League,,
20,Lionel Messi,Att Mid / Wingers,Standard,Shots Total,3.74,93,433,2022-2023 Champions League,,
21,Lionel Messi,Att Mid / Wingers,Standard,Assists,0.83,98,433,2022-2023 Champions League,,
22,Lionel Messi,Att Mid / Wingers,Standard,xAG,0.42,93,433,2022-2023 Champions League,,
23,Lionel Messi,Att Mid / Wingers,Standard,npxG + xAG,0.83,93,433,2022-2023 Champions League,,
24,Lionel Messi,Att Mid / Wingers,Standard,Shot-Creating Actions,6.86,95,433,2022-2023 Champions League,,
25,Lionel Messi,Att Mid / Wingers,Standard,Passes Attempted,62.98,98,433,2022-2023 Champions League,,
26,Lionel Messi,Att Mid / Wingers,Standard,Pass Completion %,86.5,90,433,2022-2023 Champions League,,
27,Lionel Messi,Att Mid / Wingers,Standard,Progressive Passes,7.48,98,433,2022-2023 Champions League,,
28,Lionel Messi,Att Mid / Wingers,Standard,Dribbles Completed,1.66,73,433,2022-2023 Champions League,,
29,Lionel Messi,Att Mid / Wingers,Standard,Touches (Att Pen),3.33,40,433,2022-2023 Champions League,,
30,Lionel Messi,Att Mid / Wingers,Standard,Progressive Passes Rec,3.53,17,433,2022-2023 Champions League,,
31,Lionel Messi,Att Mid / Wingers,Standard,Tackles,0.42,20,433,2022-2023 Champions League,,
32,Lionel Messi,Att Mid / Wingers,Standard,Interceptions,0.42,46,433,2022-2023 Champions League,,
33,Lionel Messi,Att Mid / Wingers,Standard,Blocks,0.21,10,433,2022-2023 Champions League,,
34,Lionel Messi,Att Mid / Wingers,Standard,Clearances,0,15,433,2022-2023 Champions League,,
35,Lionel Messi,Att Mid / Wingers,Standard,Aerials won,0.21,32,433,2022-2023 Champions League,,
36,Lionel Messi,Att Mid / Wingers,Standard,Non-Penalty Goals,0.56,96,1127,2022-2023 Ligue 1,,
37,Lionel Messi,Att Mid / Wingers,Standard,Non-Penalty xG,0.59,99,1127,2022-2023 Ligue 1,,
38,Lionel Messi,Att Mid / Wingers,Standard,Shots Total,4.47,99,1127,2022-2023 Ligue 1,,
39,Lionel Messi,Att Mid / Wingers,Standard,Assists,0.8,99,1127,2022-2023 Ligue 1,,
40,Lionel Messi,Att Mid / Wingers,Standard,xAG,0.39,93,1127,2022-2023 Ligue 1,,
41,Lionel Messi,Att Mid / Wingers,Standard,npxG + xAG,0.98,96,1127,2022-2023 Ligue 1,,
42,Lionel Messi,Att Mid / Wingers,Standard,Shot-Creating Actions,6.55,96,1127,2022-2023 Ligue 1,,
43,Lionel Messi,Att Mid / Wingers,Standard,Passes Attempted,66.52,96,1127,2022-2023 Ligue 1,,
44,Lionel Messi,Att Mid / Wingers,Standard,Pass Completion %,79.6,77,1127,2022-2023 Ligue 1,,
45,Lionel Messi,Att Mid / Wingers,Standard,Progressive Passes,10.62,99,1127,2022-2023 Ligue 1,,
46,Lionel Messi,Att Mid / Wingers,Standard,Dribbles Completed,3.75,99,1127,2022-2023 Ligue 1,,
47,Lionel Messi,Att Mid / Wingers,Standard,Touches (Att Pen),6.47,99,1127,2022-2023 Ligue 1,,
48,Lionel Messi,Att Mid / Wingers,Standard,Progressive Passes Rec,7.03,73,1127,2022-2023 Ligue 1,,
49,Lionel Messi,Att Mid / Wingers,Standard,Tackles,0.88,13,1127,2022-2023 Ligue 1,,
50,Lionel Messi,Att Mid / Wingers,Standard,Interceptions,0,3,1127,2022-2023 Ligue 1,,
51,Lionel Messi,Att Mid / Wingers,Standard,Blocks,0.48,10,1127,2022-2023 Ligue 1,,
52,Lionel Messi,Att Mid / Wingers,Standard,Clearances,0,4,1127,2022-2023 Ligue 1,,
53,Lionel Messi,Att Mid / Wingers,Standard,Aerials won,0,1,1127,2022-2023 Ligue 1,,
54,Lionel Messi,Forwards,Standard,Non-Penalty Goals,0.39,65,690,2022 World Cup,,
55,Lionel Messi,Forwards,Standard,Non-Penalty xG,0.35,65,690,2022 World Cup,,
56,Lionel Messi,Forwards,Standard,Shots Total,3.52,89,690,2022 World Cup,,
57,Lionel Messi,Forwards,Standard,Assists,0.39,92,690,2022 World Cup,,
58,Lionel Messi,Forwards,Standard,xAG,0.33,95,690,2022 World Cup,,
59,Lionel Messi,Forwards,Standard,npxG + xAG,0.68,83,690,2022 World Cup,,
60,Lionel Messi,Forwards,Standard,Shot-Creating Actions,5.61,98,690,2022 World Cup,,
61,Lionel Messi,Forwards,Standard,Passes Attempted,48.39,95,690,2022 World Cup,,
62,Lionel Messi,Forwards,Standard,Pass Completion %,80.9,89,690,2022 World Cup,,
63,Lionel Messi,Forwards,Standard,Progressive Passes,6.39,98,690,2022 World Cup,,
64,Lionel Messi,Forwards,Standard,Dribbles Completed,1.96,98,690,2022 World Cup,,
65,Lionel Messi,Forwards,Standard,Touches (Att Pen),4.96,74,690,2022 World Cup,,
66,Lionel Messi,Forwards,Standard,Progressive Passes Rec,4.3,50,690,2022 World Cup,,
67,Lionel Messi,Forwards,Standard,Tackles,0.65,68,690,2022 World Cup,,
68,Lionel Messi,Forwards,Standard,Interceptions,0,26,690,2022 World Cup,,
69,Lionel Messi,Forwards,Standard,Blocks,0.26,17,690,2022 World Cup,,
70,Lionel Messi,Forwards,Standard,Clearances,0,15,690,2022 World Cup,,
71,Lionel Messi,Forwards,Standard,Aerials won,0.26,11,690,2022 World Cup,,
72,Lionel Messi,Att Mid / Wingers,Standard,Non-Penalty Goals,0.25,59,2153,2021-2022 Ligue 1,,
73,Lionel Messi,Att Mid / Wingers,Standard,Non-Penalty xG,0.47,94,2153,2021-2022 Ligue 1,,
74,Lionel Messi,Att Mid / Wingers,Standard,Shots Total,3.72,98,2153,2021-2022 Ligue 1,,
75,Lionel Messi,Att Mid / Wingers,Standard,Assists,0.59,98,2153,2021-2022 Ligue 1,,
76,Lionel Messi,Att Mid / Wingers,Standard,xAG,0.38,89,2153,2021-2022 Ligue 1,,
77,Lionel Messi,Att Mid / Wingers,Standard,npxG + xAG,0.86,96,2153,2021-2022 Ligue 1,,
78,Lionel Messi,Att Mid / Wingers,Standard,Shot-Creating Actions,6.52,98,2153,2021-2022 Ligue 1,,
79,Lionel Messi,Att Mid / Wingers,Standard,Passes Attempted,69.27,98,2153,2021-2022 Ligue 1,,
80,Lionel Messi,Att Mid / Wingers,Standard,Pass Completion %,84.5,94,2153,2021-2022 Ligue 1,,
81,Lionel Messi,Att Mid / Wingers,Standard,Progressive Passes,9.45,99,2153,2021-2022 Ligue 1,,
82,Lionel Messi,Att Mid / Wingers,Standard,Dribbles Completed,2.68,89,2153,2021-2022 Ligue 1,,
83,Lionel Messi,Att Mid / Wingers,Standard,Touches (Att Pen),4.26,76,2153,2021-2022 Ligue 1,,
84,Lionel Messi,Att Mid / Wingers,Standard,Progressive Passes Rec,4.72,31,2153,2021-2022 Ligue 1,,
85,Lionel Messi,Att Mid / Wingers,Standard,Tackles,0.42,3,2153,2021-2022 Ligue 1,,
86,Lionel Messi,Att Mid / Wingers,Standard,Interceptions,0.17,6,2153,2021-2022 Ligue 1,,
87,Lionel Messi,Att Mid / Wingers,Standard,Blocks,0.21,3,2153,2021-2022 Ligue 1,,
88,Lionel Messi,Att Mid / Wingers,Standard,Clearances,0,1,2153,2021-2022 Ligue 1,,
89,Lionel Messi,Att Mid / Wingers,Standard,Aerials won,0.17,13,2153,2021-2022 Ligue 1,,
90,Lionel Messi,Att Mid / Wingers,Standard,Non-Penalty Goals,0.43,75,630,2021-2022 Champions League,,
91,Lionel Messi,Att Mid / Wingers,Standard,Non-Penalty xG,0.36,77,630,2021-2022 Champions League,,
92,Lionel Messi,Att Mid / Wingers,Standard,Shots Total,3.29,90,630,2021-2022 Champions League,,
93,Lionel Messi,Att Mid / Wingers,Standard,Assists,0,21,630,2021-2022 Champions League,,
94,Lionel Messi,Att Mid / Wingers,Standard,xAG,0.3,77,630,2021-2022 Champions League,,
95,Lionel Messi,Att Mid / Wingers,Standard,npxG + xAG,0.66,79,630,2021-2022 Champions League,,
96,Lionel Messi,Att Mid / Wingers,Standard,Shot-Creating Actions,3.86,66,630,2021-2022 Champions League,,
97,Lionel Messi,Att Mid / Wingers,Standard,Passes Attempted,64.57,99,630,2021-2022 Champions League,,
98,Lionel Messi,Att Mid / Wingers,Standard,Pass Completion %,85.4,92,630,2021-2022 Champions League,,
99,Lionel Messi,Att Mid / Wingers,Standard,Progressive Passes,5.86,98,630,2021-2022 Champions League,,
100,Lionel Messi,Att Mid / Wingers,Standard,Dribbles Completed,3.29,94,630,2021-2022 Champions League,,
101,Lionel Messi,Att Mid / Wingers,Standard,Touches (Att Pen),3.57,55,630,2021-2022 Champions League,,
102,Lionel Messi,Att Mid / Wingers,Standard,Progressive Passes Rec,3.43,20,630,2021-2022 Champions League,,
103,Lionel Messi,Att Mid / Wingers,Standard,Tackles,0.43,5,630,2021-2022 Champions League,,
104,Lionel Messi,Att Mid / Wingers,Standard,Interceptions,0,9,630,2021-2022 Champions League,,
105,Lionel Messi,Att Mid / Wingers,Standard,Blocks,0.57,21,630,2021-2022 Champions League,,
106,Lionel Messi,Att Mid / Wingers,Standard,Clearances,0,15,630,2021-2022 Champions League,,
107,Lionel Messi,Att Mid / Wingers,Standard,Aerials won,0.14,21,630,2021-2022 Champions League,,
108,Lionel Messi,Att Mid / Wingers,Standard,Non-Penalty Goals,0.41,77,660,2021 Copa América,,
109,Lionel Messi,Att Mid / Wingers,Standard,Non-Penalty xG,0.34,77,660,2021 Copa América,,
110,Lionel Messi,Att Mid / Wingers,Standard,Shots Total,3.68,95,660,2021 Copa América,,
111,Lionel Messi,Att Mid / Wingers,Standard,Assists,0.68,95,660,2021 Copa América,,
112,Lionel Messi,Att Mid / Wingers,Standard,xAG,0.52,95,660,2021 Copa América,,
113,Lionel Messi,Att Mid / Wingers,Standard,npxG + xAG,0.86,95,660,2021 Copa América,,
114,Lionel Messi,Att Mid / Wingers,Standard,Shot-Creating Actions,6.95,95,660,2021 Copa América,,
115,Lionel Messi,Att Mid / Wingers,Standard,Passes Attempted,44.32,59,660,2021 Copa América,,
116,Lionel Messi,Att Mid / Wingers,Standard,Pass Completion %,76.9,41,660,2021 Copa América,,
117,Lionel Messi,Att Mid / Wingers,Standard,Progressive Passes,5.18,95,660,2021 Copa América,,
118,Lionel Messi,Att Mid / Wingers,Standard,Dribbles Completed,4.64,95,660,2021 Copa América,,
119,Lionel Messi,Att Mid / Wingers,Standard,Touches (Att Pen),5.05,59,660,2021 Copa América,,
120,Lionel Messi,Att Mid / Wingers,Standard,Progressive Passes Rec,4.5,32,660,2021 Copa América,,
121,Lionel Messi,Att Mid / Wingers,Standard,Tackles,1.09,14,660,2021 Copa América,,
122,Lionel Messi,Att Mid / Wingers,Standard,Interceptions,0.27,5,660,2021 Copa América,,
123,Lionel Messi,Att Mid / Wingers,Standard,Blocks,0.82,41,660,2021 Copa América,,
124,Lionel Messi,Att Mid / Wingers,Standard,Clearances,0,9,660,2021 Copa América,,
125,Lionel Messi,Att Mid / Wingers,Standard,Aerials won,0.14,23,660,2021 Copa América,,
126,Lionel Messi,Forwards,Standard,Non-Penalty Goals,0.17,33,540,2020-2021 Champions League,,
127,Lionel Messi,Forwards,Standard,Non-Penalty xG,0.33,40,540,2020-2021 Champions League,,
128,Lionel Messi,Forwards,Standard,Shots Total,5.33,99,540,2020-2021 Champions League,,
129,Lionel Messi,Forwards,Standard,Assists,0.33,87,540,2020-2021 Champions League,,
130,Lionel Messi,Forwards,Standard,xAG,0.45,99,540,2020-2021 Champions League,,
131,Lionel Messi,Forwards,Standard,npxG + xAG,0.77,86,540,2020-2021 Champions League,,
132,Lionel Messi,Forwards,Standard,Shot-Creating Actions,9,99,540,2020-2021 Champions League,,
133,Lionel Messi,Forwards,Standard,Passes Attempted,76,99,540,2020-2021 Champions League,,
134,Lionel Messi,Forwards,Standard,Pass Completion %,86.2,95,540,2020-2021 Champions League,,
135,Lionel Messi,Forwards,Standard,Progressive Passes,8.33,99,540,2020-2021 Champions League,,
136,Lionel Messi,Forwards,Standard,Dribbles Completed,4.83,99,540,2020-2021 Champions League,,
137,Lionel Messi,Forwards,Standard,Touches (Att Pen),6.5,83,540,2020-2021 Champions League,,
138,Lionel Messi,Forwards,Standard,Progressive Passes Rec,6.67,66,540,2020-2021 Champions League,,
139,Lionel Messi,Forwards,Standard,Tackles,0.83,66,540,2020-2021 Champions League,,
140,Lionel Messi,Forwards,Standard,Interceptions,0.33,46,540,2020-2021 Champions League,,
141,Lionel Messi,Forwards,Standard,Blocks,0.33,16,540,2020-2021 Champions League,,
142,Lionel Messi,Forwards,Standard,Clearances,0,9,540,2020-2021 Champions League,,
143,Lionel Messi,Forwards,Standard,Aerials won,0,2,540,2020-2021 Champions League,,
144,Lionel Messi,Forwards,Standard,Non-Penalty Goals,0.8,99,3023,2020-2021 La Liga,,
145,Lionel Messi,Forwards,Standard,Non-Penalty xG,0.53,93,3023,2020-2021 La Liga,,
146,Lionel Messi,Forwards,Standard,Shots Total,5.69,99,3023,2020-2021 La Liga,,
147,Lionel Messi,Forwards,Standard,Assists,0.27,90,3023,2020-2021 La Liga,,
148,Lionel Messi,Forwards,Standard,xAG,0.28,98,3023,2020-2021 La Liga,,
149,Lionel Messi,Forwards,Standard,npxG + xAG,0.81,99,3023,2020-2021 La Liga,,
150,Lionel Messi,Forwards,Standard,Shot-Creating Actions,7.23,99,3023,2020-2021 La Liga,,
151,Lionel Messi,Forwards,Standard,Passes Attempted,71.51,99,3023,2020-2021 La Liga,,
152,Lionel Messi,Forwards,Standard,Pass Completion %,81.3,95,3023,2020-2021 La Liga,,
153,Lionel Messi,Forwards,Standard,Progressive Passes,7.83,99,3023,2020-2021 La Liga,,
154,Lionel Messi,Forwards,Standard,Dribbles Completed,4.73,99,3023,2020-2021 La Liga,,
155,Lionel Messi,Forwards,Standard,Touches (Att Pen),6.22,98,3023,2020-2021 La Liga,,
156,Lionel Messi,Forwards,Standard,Progressive Passes Rec,6.79,93,3023,2020-2021 La Liga,,
157,Lionel Messi,Forwards,Standard,Tackles,0.54,34,3023,2020-2021 La Liga,,
158,Lionel Messi,Forwards,Standard,Interceptions,0.18,30,3023,2020-2021 La Liga,,
159,Lionel Messi,Forwards,Standard,Blocks,0.36,21,3023,2020-2021 La Liga,,
160,Lionel Messi,Forwards,Standard,Clearances,0,2,3023,2020-2021 La Liga,,
161,Lionel Messi,Forwards,Standard,Aerials won,0.21,2,3023,2020-2021 La Liga,,
162,Lionel Messi,Att Mid / Wingers,Standard,Non-Penalty Goals,0.63,99,2880,2019-2020 La Liga,,
163,Lionel Messi,Att Mid / Wingers,Standard,Non-Penalty xG,0.48,99,2880,2019-2020 La Liga,,
164,Lionel Messi,Att Mid / Wingers,Standard,Shots Total,4.81,97,2880,2019-2020 La Liga,,
165,Lionel Messi,Att Mid / Wingers,Standard,Assists,0.66,99,2880,2019-2020 La Liga,,
166,Lionel Messi,Att Mid / Wingers,Standard,xAG,0.48,99,2880,2019-2020 La Liga,,
167,Lionel Messi,Att Mid / Wingers,Standard,npxG + xAG,0.96,99,2880,2019-2020 La Liga,,
168,Lionel Messi,Att Mid / Wingers,Standard,Shot-Creating Actions,7.25,99,2880,2019-2020 La Liga,,
169,Lionel Messi,Att Mid / Wingers,Standard,Passes Attempted,66.56,99,2880,2019-2020 La Liga,,
170,Lionel Messi,Att Mid / Wingers,Standard,Pass Completion %,78.6,69,2880,2019-2020 La Liga,,
171,Lionel Messi,Att Mid / Wingers,Standard,Progressive Passes,8.47,99,2880,2019-2020 La Liga,,
172,Lionel Messi,Att Mid / Wingers,Standard,Dribbles Completed,5.69,99,2880,2019-2020 La Liga,,
173,Lionel Messi,Att Mid / Wingers,Standard,Touches (Att Pen),6.44,93,2880,2019-2020 La Liga,,
174,Lionel Messi,Att Mid / Wingers,Standard,Progressive Passes Rec,6.56,84,2880,2019-2020 La Liga,,
175,Lionel Messi,Att Mid / Wingers,Standard,Tackles,0.66,20,2880,2019-2020 La Liga,,
176,Lionel Messi,Att Mid / Wingers,Standard,Interceptions,0.22,10,2880,2019-2020 La Liga,,
177,Lionel Messi,Att Mid / Wingers,Standard,Blocks,0.28,1,2880,2019-2020 La Liga,,
178,Lionel Messi,Att Mid / Wingers,Standard,Clearances,0.03,5,2880,2019-2020 La Liga,,
179,Lionel Messi,Att Mid / Wingers,Standard,Aerials won,0.31,16,2880,2019-2020 La Liga,,
180,Lionel Messi,Att Mid / Wingers,Standard,Non-Penalty Goals,0.41,75,662,2019-2020 Champions League,,
181,Lionel Messi,Att Mid / Wingers,Standard,Non-Penalty xG,0.63,92,662,2019-2020 Champions League,,
182,Lionel Messi,Att Mid / Wingers,Standard,Shots Total,4.21,93,662,2019-2020 Champions League,,
183,Lionel Messi,Att Mid / Wingers,Standard,Assists,0.41,73,662,2019-2020 Champions League,,
184,Lionel Messi,Att Mid / Wingers,Standard,xAG,0.53,93,662,2019-2020 Champions League,,
185,Lionel Messi,Att Mid / Wingers,Standard,npxG + xAG,1.16,95,662,2019-2020 Champions League,,
186,Lionel Messi,Att Mid / Wingers,Standard,Shot-Creating Actions,6.12,95,662,2019-2020 Champions League,,
187,Lionel Messi,Att Mid / Wingers,Standard,Passes Attempted,54.38,80,662,2019-2020 Champions League,,
188,Lionel Messi,Att Mid / Wingers,Standard,Pass Completion %,77.5,47,662,2019-2020 Champions League,,
189,Lionel Messi,Att Mid / Wingers,Standard,Progressive Passes,6.39,96,662,2019-2020 Champions League,,
190,Lionel Messi,Att Mid / Wingers,Standard,Dribbles Completed,7.75,99,662,2019-2020 Champions League,,
191,Lionel Messi,Att Mid / Wingers,Standard,Touches (Att Pen),5.71,81,662,2019-2020 Champions League,,
192,Lionel Messi,Att Mid / Wingers,Standard,Progressive Passes Rec,5.85,46,662,2019-2020 Champions League,,
193,Lionel Messi,Att Mid / Wingers,Standard,Tackles,0.27,5,662,2019-2020 Champions League,,
194,Lionel Messi,Att Mid / Wingers,Standard,Interceptions,0.27,25,662,2019-2020 Champions League,,
195,Lionel Messi,Att Mid / Wingers,Standard,Blocks,0.41,25,662,2019-2020 Champions League,,
196,Lionel Messi,Att Mid / Wingers,Standard,Clearances,0,12,662,2019-2020 Champions League,,
197,Lionel Messi,Att Mid / Wingers,Standard,Aerials won,0.41,42,662,2019-2020 Champions League,,
198,Lionel Messi,Att Mid / Wingers,Standard,Non-Penalty Goals,0,18,486,2019 Copa América,,
199,Lionel Messi,Att Mid / Wingers,Standard,Non-Penalty xG,0.2,41,486,2019 Copa América,,
200,Lionel Messi,Att Mid / Wingers,Standard,Shots Total,2.96,86,486,2019 Copa América,,
201,Lionel Messi,Att Mid / Wingers,Standard,Assists,0.19,50,486,2019 Copa América,,
202,Lionel Messi,Att Mid / Wingers,Standard,xAG,0.31,77,486,2019 Copa América,,
203,Lionel Messi,Att Mid / Wingers,Standard,npxG + xAG,0.52,59,486,2019 Copa América,,
204,Lionel Messi,Att Mid / Wingers,Standard,Shot-Creating Actions,5.37,77,486,2019 Copa América,,
205,Lionel Messi,Att Mid / Wingers,Standard,Passes Attempted,42.04,77,486,2019 Copa América,,
206,Lionel Messi,Att Mid / Wingers,Standard,Pass Completion %,75.8,41,486,2019 Copa América,,
207,Lionel Messi,Att Mid / Wingers,Standard,Progressive Passes,3.89,77,486,2019 Copa América,,
208,Lionel Messi,Att Mid / Wingers,Standard,Dribbles Completed,4.07,86,486,2019 Copa América,,
209,Lionel Messi,Att Mid / Wingers,Standard,Touches (Att Pen),3.7,59,486,2019 Copa América,,
210,Lionel Messi,Att Mid / Wingers,Standard,Progressive Passes Rec,3.52,32,486,2019 Copa América,,
211,Lionel Messi,Att Mid / Wingers,Standard,Tackles,1.11,59,486,2019 Copa América,,
212,Lionel Messi,Att Mid / Wingers,Standard,Interceptions,0.37,41,486,2019 Copa América,,
213,Lionel Messi,Att Mid / Wingers,Standard,Blocks,0.74,68,486,2019 Copa América,,
214,Lionel Messi,Att Mid / Wingers,Standard,Clearances,0.19,59,486,2019 Copa América,,
215,Lionel Messi,Att Mid / Wingers,Standard,Aerials won,0,14,486,2019 Copa América,,
216,Lionel Messi,Att Mid / Wingers,Standard,Non-Penalty Goals,1.06,99,2713,2018-2019 La Liga,,
217,Lionel Messi,Att Mid / Wingers,Standard,Non-Penalty xG,0.66,99,2713,2018-2019 La Liga,,
218,Lionel Messi,Att Mid / Wingers,Standard,Shots Total,5.47,99,2713,2018-2019 La Liga,,
219,Lionel Messi,Att Mid / Wingers,Standard,Assists,0.43,99,2713,2018-2019 La Liga,,
220,Lionel Messi,Att Mid / Wingers,Standard,xAG,0.48,99,2713,2018-2019 La Liga,,
221,Lionel Messi,Att Mid / Wingers,Standard,npxG + xAG,1.13,99,2713,2018-2019 La Liga,,
222,Lionel Messi,Att Mid / Wingers,Standard,Shot-Creating Actions,8.03,99,2713,2018-2019 La Liga,,
223,Lionel Messi,Att Mid / Wingers,Standard,Passes Attempted,64.22,96,2713,2018-2019 La Liga,,
224,Lionel Messi,Att Mid / Wingers,Standard,Pass Completion %,77.7,66,2713,2018-2019 La Liga,,
225,Lionel Messi,Att Mid / Wingers,Standard,Progressive Passes,9.06,99,2713,2018-2019 La Liga,,
226,Lionel Messi,Att Mid / Wingers,Standard,Dribbles Completed,4.45,96,2713,2018-2019 La Liga,,
227,Lionel Messi,Att Mid / Wingers,Standard,Touches (Att Pen),5.37,92,2713,2018-2019 La Liga,,
228,Lionel Messi,Att Mid / Wingers,Standard,Progressive Passes Rec,6.07,77,2713,2018-2019 La Liga,,
229,Lionel Messi,Att Mid / Wingers,Standard,Tackles,0.4,1,2713,2018-2019 La Liga,,
230,Lionel Messi,Att Mid / Wingers,Standard,Interceptions,0.1,1,2713,2018-2019 La Liga,,
231,Lionel Messi,Att Mid / Wingers,Standard,Blocks,0.33,1,2713,2018-2019 La Liga,,
232,Lionel Messi,Att Mid / Wingers,Standard,Clearances,0.03,1,2713,2018-2019 La Liga,,
233,Lionel Messi,Att Mid / Wingers,Standard,Aerials won,0.23,19,2713,2018-2019 La Liga,,
234,Lionel Messi,Att Mid / Wingers,Standard,Non-Penalty Goals,1.18,98,838,2018-2019 Champions League,,
235,Lionel Messi,Att Mid / Wingers,Standard,Non-Penalty xG,0.61,93,838,2018-2019 Champions League,,
236,Lionel Messi,Att Mid / Wingers,Standard,Shots Total,5.69,98,838,2018-2019 Champions League,,
237,Lionel Messi,Att Mid / Wingers,Standard,Assists,0.32,74,838,2018-2019 Champions League,,
238,Lionel Messi,Att Mid / Wingers,Standard,xAG,0.57,96,838,2018-2019 Champions League,,
239,Lionel Messi,Att Mid / Wingers,Standard,npxG + xAG,1.18,97,838,2018-2019 Champions League,,
240,Lionel Messi,Att Mid / Wingers,Standard,Shot-Creating Actions,8.48,98,838,2018-2019 Champions League,,
241,Lionel Messi,Att Mid / Wingers,Standard,Passes Attempted,65.73,94,838,2018-2019 Champions League,,
242,Lionel Messi,Att Mid / Wingers,Standard,Pass Completion %,82.5,82,838,2018-2019 Champions League,,
243,Lionel Messi,Att Mid / Wingers,Standard,Progressive Passes,10.31,99,838,2018-2019 Champions League,,
244,Lionel Messi,Att Mid / Wingers,Standard,Dribbles Completed,3.76,91,838,2018-2019 Champions League,,
245,Lionel Messi,Att Mid / Wingers,Standard,Touches (Att Pen),5.37,78,838,2018-2019 Champions League,,
246,Lionel Messi,Att Mid / Wingers,Standard,Progressive Passes Rec,5.8,52,838,2018-2019 Champions League,,
247,Lionel Messi,Att Mid / Wingers,Standard,Tackles,1.07,37,838,2018-2019 Champions League,,
248,Lionel Messi,Att Mid / Wingers,Standard,Interceptions,0.32,26,838,2018-2019 Champions League,,
249,Lionel Messi,Att Mid / Wingers,Standard,Blocks,0.64,33,838,2018-2019 Champions League,,
250,Lionel Messi,Att Mid / Wingers,Standard,Clearances,0,9,838,2018-2019 Champions League,,
251,Lionel Messi,Att Mid / Wingers,Standard,Aerials won,0.11,21,838,2018-2019 Champions League,,
252,Lionel Messi,Att Mid / Wingers,Standard,Non-Penalty Goals,0.25,60,360,2018 FIFA World Cup,,
253,Lionel Messi,Att Mid / Wingers,Standard,Non-Penalty xG,0.35,84,360,2018 FIFA World Cup,,
254,Lionel Messi,Att Mid / Wingers,Standard,Shots Total,4.25,96,360,2018 FIFA World Cup,,
255,Lionel Messi,Att Mid / Wingers,Standard,Assists,0.5,96,360,2018 FIFA World Cup,,
256,Lionel Messi,Att Mid / Wingers,Standard,xAG,0.3,79,360,2018 FIFA World Cup,,
257,Lionel Messi,Att Mid / Wingers,Standard,npxG + xAG,0.65,96,360,2018 FIFA World Cup,,
258,Lionel Messi,Att Mid / Wingers,Standard,Shot-Creating Actions,7,96,360,2018 FIFA World Cup,,
259,Lionel Messi,Att Mid / Wingers,Standard,Passes Attempted,53.5,77,360,2018 FIFA World Cup,,
260,Lionel Messi,Att Mid / Wingers,Standard,Pass Completion %,79.4,71,360,2018 FIFA World Cup,,
261,Lionel Messi,Att Mid / Wingers,Standard,Progressive Passes,5.5,94,360,2018 FIFA World Cup,,
262,Lionel Messi,Att Mid / Wingers,Standard,Dribbles Completed,5.75,96,360,2018 FIFA World Cup,,
263,Lionel Messi,Att Mid / Wingers,Standard,Touches (Att Pen),3.5,60,360,2018 FIFA World Cup,,
264,Lionel Messi,Att Mid / Wingers,Standard,Progressive Passes Rec,7.25,77,360,2018 FIFA World Cup,,
265,Lionel Messi,Att Mid / Wingers,Standard,Tackles,1.25,43,360,2018 FIFA World Cup,,
266,Lionel Messi,Att Mid / Wingers,Standard,Interceptions,0.25,13,360,2018 FIFA World Cup,,
267,Lionel Messi,Att Mid / Wingers,Standard,Blocks,1.75,94,360,2018 FIFA World Cup,,
268,Lionel Messi,Att Mid / Wingers,Standard,Clearances,0,11,360,2018 FIFA World Cup,,
269,Lionel Messi,Att Mid / Wingers,Standard,Aerials won,0,9,360,2018 FIFA World Cup,,
270,Lionel Messi,Forwards,Standard,Non-Penalty Goals,0.69,77,785,2017-2018 Champions League,,
271,Lionel Messi,Forwards,Standard,Non-Penalty xG,0.45,53,785,2017-2018 Champions League,,
272,Lionel Messi,Forwards,Standard,Shots Total,5.04,97,785,2017-2018 Champions League,,
273,Lionel Messi,Forwards,Standard,Assists,0.23,66,785,2017-2018 Champions League,,
274,Lionel Messi,Forwards,Standard,xAG,0.26,88,785,2017-2018 Champions League,,
275,Lionel Messi,Forwards,Standard,npxG + xAG,0.72,68,785,2017-2018 Champions League,,
276,Lionel Messi,Forwards,Standard,Shot-Creating Actions,5.27,97,785,2017-2018 Champions League,,
277,Lionel Messi,Forwards,Standard,Passes Attempted,60.31,99,785,2017-2018 Champions League,,
278,Lionel Messi,Forwards,Standard,Pass Completion %,77.4,76,785,2017-2018 Champions League,,
279,Lionel Messi,Forwards,Standard,Progressive Passes,6.54,99,785,2017-2018 Champions League,,
280,Lionel Messi,Forwards,Standard,Dribbles Completed,4.24,97,785,2017-2018 Champions League,,
281,Lionel Messi,Forwards,Standard,Touches (Att Pen),6.31,84,785,2017-2018 Champions League,,
282,Lionel Messi,Forwards,Standard,Progressive Passes Rec,7.57,64,785,2017-2018 Champions League,,
283,Lionel Messi,Forwards,Standard,Tackles,1.03,75,785,2017-2018 Champions League,,
284,Lionel Messi,Forwards,Standard,Interceptions,0.34,60,785,2017-2018 Champions League,,
285,Lionel Messi,Forwards,Standard,Blocks,0.46,40,785,2017-2018 Champions League,,
286,Lionel Messi,Forwards,Standard,Clearances,0,8,785,2017-2018 Champions League,,
287,Lionel Messi,Forwards,Standard,Aerials won,0.23,5,785,2017-2018 Champions League,,
288,Lionel Messi,Forwards,Standard,Non-Penalty Goals,0.96,99,3000,2017-2018 La Liga,,
289,Lionel Messi,Forwards,Standard,Non-Penalty xG,0.72,97,3000,2017-2018 La Liga,,
290,Lionel Messi,Forwards,Standard,Shots Total,5.79,97,3000,2017-2018 La Liga,,
291,Lionel Messi,Forwards,Standard,Assists,0.36,95,3000,2017-2018 La Liga,,
292,Lionel Messi,Forwards,Standard,xAG,0.42,99,3000,2017-2018 La Liga,,
293,Lionel Messi,Forwards,Standard,npxG + xAG,1.14,99,3000,2017-2018 La Liga,,
294,Lionel Messi,Forwards,Standard,Shot-Creating Actions,7.95,99,3000,2017-2018 La Liga,,
295,Lionel Messi,Forwards,Standard,Passes Attempted,59.34,99,3000,2017-2018 La Liga,,
296,Lionel Messi,Forwards,Standard,Pass Completion %,78.1,95,3000,2017-2018 La Liga,,
297,Lionel Messi,Forwards,Standard,Progressive Passes,7.77,99,3000,2017-2018 La Liga,,
298,Lionel Messi,Forwards,Standard,Dribbles Completed,5.55,99,3000,2017-2018 La Liga,,
299,Lionel Messi,Forwards,Standard,Touches (Att Pen),7.47,95,3000,2017-2018 La Liga,,
300,Lionel Messi,Forwards,Standard,Progressive Passes Rec,7.23,84,3000,2017-2018 La Liga,,
301,Lionel Messi,Forwards,Standard,Tackles,0.51,21,3000,2017-2018 La Liga,,
302,Lionel Messi,Forwards,Standard,Interceptions,0.21,29,3000,2017-2018 La Liga,,
303,Lionel Messi,Forwards,Standard,Blocks,0.33,12,3000,2017-2018 La Liga,,
304,Lionel Messi,Forwards,Standard,Clearances,0,1,3000,2017-2018 La Liga,,
305,Lionel Messi,Forwards,Standard,Aerials won,0.24,5,3000,2017-2018 La Liga,,
306,Cristiano Ronaldo,Forwards,Standard,Non-Penalty Goals,0.4,63,2484,Last 365 Days,,35
307,Cristiano Ronaldo,Forwards,Standard,Non-Penalty xG,0.47,83,2484,Last 365 Days,,35
308,Cristiano Ronaldo,Forwards,Standard,Shots Total,4.02,95,2484,Last 365 Days,,35
309,Cristiano Ronaldo,Forwards,Standard,Assists,0.07,34,2484,Last 365 Days,,35
310,Cristiano Ronaldo,Forwards,Standard,xAG,0.14,64,2484,Last 365 Days,,35
311,Cristiano Ronaldo,Forwards,Standard,npxG + xAG,0.62,78,2484,Last 365 Days,,35
312,Cristiano Ronaldo,Forwards,Standard,Shot-Creating Actions,2.83,73,2484,Last 365 Days,,35
313,Cristiano Ronaldo,Forwards,Standard,Passes Attempted,32.03,88,2484,Last 365 Days,,35
314,Cristiano Ronaldo,Forwards,Standard,Pass Completion %,81.2,96,2484,Last 365 Days,,35
315,Cristiano Ronaldo,Forwards,Standard,Progressive Passes,1.52,63,2484,Last 365 Days,,35
316,Cristiano Ronaldo,Forwards,Standard,Dribbles Completed,0.62,33,2484,Last 365 Days,,35
317,Cristiano Ronaldo,Forwards,Standard,Touches (Att Pen),5.58,73,2484,Last 365 Days,,35
318,Cristiano Ronaldo,Forwards,Standard,Progressive Passes Rec,6.56,69,2484,Last 365 Days,,35
319,Cristiano Ronaldo,Forwards,Standard,Tackles,0.4,22,2484,Last 365 Days,,35
320,Cristiano Ronaldo,Forwards,Standard,Interceptions,0.07,11,2484,Last 365 Days,,35
321,Cristiano Ronaldo,Forwards,Standard,Blocks,0.18,2,2484,Last 365 Days,,35
322,Cristiano Ronaldo,Forwards,Standard,Clearances,1.01,76,2484,Last 365 Days,,35
323,Cristiano Ronaldo,Forwards,Standard,Aerials won,1.81,59,2484,Last 365 Days,,35
324,Cristiano Ronaldo,Forwards,Standard,Non-Penalty Goals,0.17,40,530,2022-2023 Europa League,,2
325,Cristiano Ronaldo,Forwards,Standard,Non-Penalty xG,0.68,95,530,2022-2023 Europa League,,2
326,Cristiano Ronaldo,Forwards,Standard,Shots Total,5.09,97,530,2022-2023 Europa League,,2
327,Cristiano Ronaldo,Forwards,Standard,Assists,0.34,82,530,2022-2023 Europa League,,2
328,Cristiano Ronaldo,Forwards,Standard,xAG,0.29,90,530,2022-2023 Europa League,,2
329,Cristiano Ronaldo,Forwards,Standard,npxG + xAG,0.97,95,530,2022-2023 Europa League,,2
330,Cristiano Ronaldo,Forwards,Standard,Shot-Creating Actions,2.72,71,530,2022-2023 Europa League,,2
331,Cristiano Ronaldo,Forwards,Standard,Passes Attempted,30.23,94,530,2022-2023 Europa League,,2
332,Cristiano Ronaldo,Forwards,Standard,Pass Completion %,83.7,99,530,2022-2023 Europa League,,2
333,Cristiano Ronaldo,Forwards,Standard,Progressive Passes,1.87,82,530,2022-2023 Europa League,,2
334,Cristiano Ronaldo,Forwards,Standard,Dribbles Completed,0.34,32,530,2022-2023 Europa League,,2
335,Cristiano Ronaldo,Forwards,Standard,Touches (Att Pen),6.62,92,530,2022-2023 Europa League,,2
336,Cristiano Ronaldo,Forwards,Standard,Progressive Passes Rec,8.66,94,530,2022-2023 Europa League,,2
337,Cristiano Ronaldo,Forwards,Standard,Tackles,0.17,12,530,2022-2023 Europa League,,2
338,Cristiano Ronaldo,Forwards,Standard,Interceptions,0,23,530,2022-2023 Europa League,,2
339,Cristiano Ronaldo,Forwards,Standard,Blocks,0.17,16,530,2022-2023 Europa League,,2
340,Cristiano Ronaldo,Forwards,Standard,Clearances,0.17,31,530,2022-2023 Europa League,,2
341,Cristiano Ronaldo,Forwards,Standard,Aerials won,1.7,66,530,2022-2023 Europa League,,2
342,Cristiano Ronaldo,Forwards,Standard,Non-Penalty Goals,0.17,19,525,2022-2023 Premier League,,3
343,Cristiano Ronaldo,Forwards,Standard,Non-Penalty xG,0.33,53,525,2022-2023 Premier League,,3
344,Cristiano Ronaldo,Forwards,Standard,Shots Total,4.29,88,525,2022-2023 Premier League,,3
345,Cristiano Ronaldo,Forwards,Standard,Assists,0,14,525,2022-2023 Premier League,,3
346,Cristiano Ronaldo,Forwards,Standard,xAG,0.07,34,525,2022-2023 Premier League,,3
347,Cristiano Ronaldo,Forwards,Standard,npxG + xAG,0.39,43,525,2022-2023 Premier League,,3
348,Cristiano Ronaldo,Forwards,Standard,Shot-Creating Actions,1.89,29,525,2022-2023 Premier League,,3
349,Cristiano Ronaldo,Forwards,Standard,Passes Attempted,27.77,84,525,2022-2023 Premier League,,3
350,Cristiano Ronaldo,Forwards,Standard,Pass Completion %,74.7,78,525,2022-2023 Premier League,,3
351,Cristiano Ronaldo,Forwards,Standard,Progressive Passes,1.2,53,525,2022-2023 Premier League,,3
352,Cristiano Ronaldo,Forwards,Standard,Dribbles Completed,0.69,57,525,2022-2023 Premier League,,3
353,Cristiano Ronaldo,Forwards,Standard,Touches (Att Pen),5.14,64,525,2022-2023 Premier League,,3
354,Cristiano Ronaldo,Forwards,Standard,Progressive Passes Rec,5.49,64,525,2022-2023 Premier League,,3
355,Cristiano Ronaldo,Forwards,Standard,Tackles,0.34,12,525,2022-2023 Premier League,,3
356,Cristiano Ronaldo,Forwards,Standard,Interceptions,0.17,43,525,2022-2023 Premier League,,3
357,Cristiano Ronaldo,Forwards,Standard,Blocks,0,2,525,2022-2023 Premier League,,3
358,Cristiano Ronaldo,Forwards,Standard,Clearances,1.54,91,525,2022-2023 Premier League,,3
359,Cristiano Ronaldo,Forwards,Standard,Aerials won,2.57,81,525,2022-2023 Premier League,,3
360,Cristiano Ronaldo,Forwards,Standard,Non-Penalty Goals,0,15,290,2022 World Cup,,2
361,Cristiano Ronaldo,Forwards,Standard,Non-Penalty xG,0.25,47,290,2022 World Cup,,2
362,Cristiano Ronaldo,Forwards,Standard,Shots Total,3.1,80,290,2022 World Cup,,2
363,Cristiano Ronaldo,Forwards,Standard,Assists,0,39,290,2022 World Cup,,2
364,Cristiano Ronaldo,Forwards,Standard,xAG,0.03,41,290,2022 World Cup,,2
365,Cristiano Ronaldo,Forwards,Standard,npxG + xAG,0.31,41,290,2022 World Cup,,2
366,Cristiano Ronaldo,Forwards,Standard,Shot-Creating Actions,3.1,86,290,2022 World Cup,,2
367,Cristiano Ronaldo,Forwards,Standard,Passes Attempted,27.93,74,290,2022 World Cup,,2
368,Cristiano Ronaldo,Forwards,Standard,Pass Completion %,75.6,79,290,2022 World Cup,,2
369,Cristiano Ronaldo,Forwards,Standard,Progressive Passes,1.24,59,290,2022 World Cup,,2
370,Cristiano Ronaldo,Forwards,Standard,Dribbles Completed,0,17,290,2022 World Cup,,2
371,Cristiano Ronaldo,Forwards,Standard,Touches (Att Pen),5.59,89,290,2022 World Cup,,2
372,Cristiano Ronaldo,Forwards,Standard,Progressive Passes Rec,8.38,92,290,2022 World Cup,,2
373,Cristiano Ronaldo,Forwards,Standard,Tackles,0,8,290,2022 World Cup,,2
374,Cristiano Ronaldo,Forwards,Standard,Interceptions,0,26,290,2022 World Cup,,2
375,Cristiano Ronaldo,Forwards,Standard,Blocks,0,6,290,2022 World Cup,,2
376,Cristiano Ronaldo,Forwards,Standard,Clearances,0.31,35,290,2022 World Cup,,2
377,Cristiano Ronaldo,Forwards,Standard,Aerials won,2.48,71,290,2022 World Cup,,2
378,Cristiano Ronaldo,Forwards,Standard,Non-Penalty Goals,0.55,96,2456,2021-2022 Premier League,,18
379,Cristiano Ronaldo,Forwards,Standard,Non-Penalty xG,0.57,96,2456,2021-2022 Premier League,,18
380,Cristiano Ronaldo,Forwards,Standard,Shots Total,3.92,99,2456,2021-2022 Premier League,,18
381,Cristiano Ronaldo,Forwards,Standard,Assists,0.11,39,2456,2021-2022 Premier League,,18
382,Cristiano Ronaldo,Forwards,Standard,xAG,0.12,40,2456,2021-2022 Premier League,,18
383,Cristiano Ronaldo,Forwards,Standard,npxG + xAG,0.69,91,2456,2021-2022 Premier League,,18
384,Cristiano Ronaldo,Forwards,Standard,Shot-Creating Actions,3,70,2456,2021-2022 Premier League,,18
385,Cristiano Ronaldo,Forwards,Standard,Passes Attempted,33.13,81,2456,2021-2022 Premier League,,18
386,Cristiano Ronaldo,Forwards,Standard,Pass Completion %,80.3,92,2456,2021-2022 Premier League,,18
387,Cristiano Ronaldo,Forwards,Standard,Progressive Passes,1.39,48,2456,2021-2022 Premier League,,18
388,Cristiano Ronaldo,Forwards,Standard,Dribbles Completed,0.73,27,2456,2021-2022 Premier League,,18
389,Cristiano Ronaldo,Forwards,Standard,Touches (Att Pen),6.16,88,2456,2021-2022 Premier League,,18
390,Cristiano Ronaldo,Forwards,Standard,Progressive Passes Rec,6.6,80,2456,2021-2022 Premier League,,18
391,Cristiano Ronaldo,Forwards,Standard,Tackles,0.29,6,2456,2021-2022 Premier League,,18
392,Cristiano Ronaldo,Forwards,Standard,Interceptions,0.07,14,2456,2021-2022 Premier League,,18
393,Cristiano Ronaldo,Forwards,Standard,Blocks,0.29,1,2456,2021-2022 Premier League,,18
394,Cristiano Ronaldo,Forwards,Standard,Clearances,1.06,80,2456,2021-2022 Premier League,,18
395,Cristiano Ronaldo,Forwards,Standard,Aerials won,1.54,53,2456,2021-2022 Premier League,,18
396,Cristiano Ronaldo,Forwards,Standard,Non-Penalty Goals,0.89,87,610,2021-2022 Champions League,,6
397,Cristiano Ronaldo,Forwards,Standard,Non-Penalty xG,0.43,51,610,2021-2022 Champions League,,6
398,Cristiano Ronaldo,Forwards,Standard,Shots Total,3.25,73,610,2021-2022 Champions League,,6
399,Cristiano Ronaldo,Forwards,Standard,Assists,0,31,610,2021-2022 Champions League,,6
400,Cristiano Ronaldo,Forwards,Standard,xAG,0.07,32,610,2021-2022 Champions League,,6
401,Cristiano Ronaldo,Forwards,Standard,npxG + xAG,0.5,47,610,2021-2022 Champions League,,6
402,Cristiano Ronaldo,Forwards,Standard,Shot-Creating Actions,2.95,59,610,2021-2022 Champions League,,6
403,Cristiano Ronaldo,Forwards,Standard,Passes Attempted,30.84,72,610,2021-2022 Champions League,,6
404,Cristiano Ronaldo,Forwards,Standard,Pass Completion %,85.6,97,610,2021-2022 Champions League,,6
405,Cristiano Ronaldo,Forwards,Standard,Progressive Passes,2.07,61,610,2021-2022 Champions League,,6
406,Cristiano Ronaldo,Forwards,Standard,Dribbles Completed,1.33,63,610,2021-2022 Champions League,,6
407,Cristiano Ronaldo,Forwards,Standard,Touches (Att Pen),4.13,39,610,2021-2022 Champions League,,6
408,Cristiano Ronaldo,Forwards,Standard,Progressive Passes Rec,6.93,68,610,2021-2022 Champions League,,6
409,Cristiano Ronaldo,Forwards,Standard,Tackles,0.44,39,610,2021-2022 Champions League,,6
410,Cristiano Ronaldo,Forwards,Standard,Interceptions,0,16,610,2021-2022 Champions League,,6
411,Cristiano Ronaldo,Forwards,Standard,Blocks,0.89,72,610,2021-2022 Champions League,,6
412,Cristiano Ronaldo,Forwards,Standard,Clearances,1.03,80,610,2021-2022 Champions League,,6
413,Cristiano Ronaldo,Forwards,Standard,Aerials won,1.18,51,610,2021-2022 Champions League,,6
414,Cristiano Ronaldo,Forwards,Standard,Non-Penalty Goals,0.5,68,360,2021 European Championship,,
415,Cristiano Ronaldo,Forwards,Standard,Non-Penalty xG,0.63,88,360,2021 European Championship,,
416,Cristiano Ronaldo,Forwards,Standard,Shots Total,3,67,360,2021 European Championship,,
417,Cristiano Ronaldo,Forwards,Standard,Assists,0.25,78,360,2021 European Championship,,
418,Cristiano Ronaldo,Forwards,Standard,xAG,0.35,92,360,2021 European Championship,,
419,Cristiano Ronaldo,Forwards,Standard,npxG + xAG,0.98,95,360,2021 European Championship,,
420,Cristiano Ronaldo,Forwards,Standard,Shot-Creating Actions,2.25,52,360,2021 European Championship,,
421,Cristiano Ronaldo,Forwards,Standard,Passes Attempted,33.75,88,360,2021 European Championship,,
422,Cristiano Ronaldo,Forwards,Standard,Pass Completion %,81.5,88,360,2021 European Championship,,
423,Cristiano Ronaldo,Forwards,Standard,Progressive Passes,2.5,95,360,2021 European Championship,,
424,Cristiano Ronaldo,Forwards,Standard,Dribbles Completed,2,85,360,2021 European Championship,,
425,Cristiano Ronaldo,Forwards,Standard,Touches (Att Pen),5.25,68,360,2021 European Championship,,
426,Cristiano Ronaldo,Forwards,Standard,Progressive Passes Rec,6.75,82,360,2021 European Championship,,
427,Cristiano Ronaldo,Forwards,Standard,Tackles,0.5,55,360,2021 European Championship,,
428,Cristiano Ronaldo,Forwards,Standard,Interceptions,0,23,360,2021 European Championship,,
429,Cristiano Ronaldo,Forwards,Standard,Blocks,0.25,25,360,2021 European Championship,,
430,Cristiano Ronaldo,Forwards,Standard,Clearances,0.5,45,360,2021 European Championship,,
431,Cristiano Ronaldo,Forwards,Standard,Aerials won,2.75,72,360,2021 European Championship,,
432,Cristiano Ronaldo,Forwards,Standard,Non-Penalty Goals,0.32,52,569,2020-2021 Champions League,,
433,Cristiano Ronaldo,Forwards,Standard,Non-Penalty xG,0.46,63,569,2020-2021 Champions League,,
434,Cristiano Ronaldo,Forwards,Standard,Shots Total,3.32,86,569,2020-2021 Champions League,,
435,Cristiano Ronaldo,Forwards,Standard,Assists,0.32,86,569,2020-2021 Champions League,,
436,Cristiano Ronaldo,Forwards,Standard,xAG,0.13,54,569,2020-2021 Champions League,,
437,Cristiano Ronaldo,Forwards,Standard,npxG + xAG,0.57,52,569,2020-2021 Champions League,,
438,Cristiano Ronaldo,Forwards,Standard,Shot-Creating Actions,3.95,89,569,2020-2021 Champions League,,
439,Cristiano Ronaldo,Forwards,Standard,Passes Attempted,35.59,75,569,2020-2021 Champions League,,
440,Cristiano Ronaldo,Forwards,Standard,Pass Completion %,77.3,71,569,2020-2021 Champions League,,
441,Cristiano Ronaldo,Forwards,Standard,Progressive Passes,1.74,54,569,2020-2021 Champions League,,
442,Cristiano Ronaldo,Forwards,Standard,Dribbles Completed,1.58,66,569,2020-2021 Champions League,,
443,Cristiano Ronaldo,Forwards,Standard,Touches (Att Pen),6.01,75,569,2020-2021 Champions League,,
444,Cristiano Ronaldo,Forwards,Standard,Progressive Passes Rec,7.59,78,569,2020-2021 Champions League,,
445,Cristiano Ronaldo,Forwards,Standard,Tackles,0,8,569,2020-2021 Champions League,,
446,Cristiano Ronaldo,Forwards,Standard,Interceptions,0.32,45,569,2020-2021 Champions League,,
447,Cristiano Ronaldo,Forwards,Standard,Blocks,0.16,2,569,2020-2021 Champions League,,
448,Cristiano Ronaldo,Forwards,Standard,Clearances,0.79,70,569,2020-2021 Champions League,,
449,Cristiano Ronaldo,Forwards,Standard,Aerials won,0.63,28,569,2020-2021 Champions League,,
450,Cristiano Ronaldo,Forwards,Standard,Non-Penalty Goals,0.74,98,2802,2020-2021 Serie A,,
451,Cristiano Ronaldo,Forwards,Standard,Non-Penalty xG,0.69,95,2802,2020-2021 Serie A,,
452,Cristiano Ronaldo,Forwards,Standard,Shots Total,5.14,98,2802,2020-2021 Serie A,,
453,Cristiano Ronaldo,Forwards,Standard,Assists,0.1,33,2802,2020-2021 Serie A,,
454,Cristiano Ronaldo,Forwards,Standard,xAG,0.12,48,2802,2020-2021 Serie A,,
455,Cristiano Ronaldo,Forwards,Standard,npxG + xAG,0.81,95,2802,2020-2021 Serie A,,
456,Cristiano Ronaldo,Forwards,Standard,Shot-Creating Actions,3.92,83,2802,2020-2021 Serie A,,
457,Cristiano Ronaldo,Forwards,Standard,Passes Attempted,34.63,80,2802,2020-2021 Serie A,,
458,Cristiano Ronaldo,Forwards,Standard,Pass Completion %,77.7,82,2802,2020-2021 Serie A,,
459,Cristiano Ronaldo,Forwards,Standard,Progressive Passes,2.38,77,2802,2020-2021 Serie A,,
460,Cristiano Ronaldo,Forwards,Standard,Dribbles Completed,1.86,83,2802,2020-2021 Serie A,,
461,Cristiano Ronaldo,Forwards,Standard,Touches (Att Pen),6.2,83,2802,2020-2021 Serie A,,
462,Cristiano Ronaldo,Forwards,Standard,Progressive Passes Rec,6.78,68,2802,2020-2021 Serie A,,
463,Cristiano Ronaldo,Forwards,Standard,Tackles,0.19,5,2802,2020-2021 Serie A,,
464,Cristiano Ronaldo,Forwards,Standard,Interceptions,0.16,30,2802,2020-2021 Serie A,,
465,Cristiano Ronaldo,Forwards,Standard,Blocks,0.35,14,2802,2020-2021 Serie A,,
466,Cristiano Ronaldo,Forwards,Standard,Clearances,0.48,42,2802,2020-2021 Serie A,,
467,Cristiano Ronaldo,Forwards,Standard,Aerials won,0.67,18,2802,2020-2021 Serie A,,
468,Cristiano Ronaldo,Forwards,Standard,Non-Penalty Goals,0.38,53,711,2019-2020 Champions League,,
469,Cristiano Ronaldo,Forwards,Standard,Non-Penalty xG,0.46,57,711,2019-2020 Champions League,,
470,Cristiano Ronaldo,Forwards,Standard,Shots Total,4.94,96,711,2019-2020 Champions League,,
471,Cristiano Ronaldo,Forwards,Standard,Assists,0,22,711,2019-2020 Champions League,,
472,Cristiano Ronaldo,Forwards,Standard,xAG,0.06,24,711,2019-2020 Champions League,,
473,Cristiano Ronaldo,Forwards,Standard,npxG + xAG,0.52,41,711,2019-2020 Champions League,,
474,Cristiano Ronaldo,Forwards,Standard,Shot-Creating Actions,3.54,63,711,2019-2020 Champions League,,
475,Cristiano Ronaldo,Forwards,Standard,Passes Attempted,38.61,80,711,2019-2020 Champions League,,
476,Cristiano Ronaldo,Forwards,Standard,Pass Completion %,81,90,711,2019-2020 Champions League,,
477,Cristiano Ronaldo,Forwards,Standard,Progressive Passes,1.9,59,711,2019-2020 Champions League,,
478,Cristiano Ronaldo,Forwards,Standard,Dribbles Completed,1.77,67,711,2019-2020 Champions League,,
479,Cristiano Ronaldo,Forwards,Standard,Touches (Att Pen),5.57,66,711,2019-2020 Champions League,,
480,Cristiano Ronaldo,Forwards,Standard,Progressive Passes Rec,7.85,79,711,2019-2020 Champions League,,
481,Cristiano Ronaldo,Forwards,Standard,Tackles,0.13,9,711,2019-2020 Champions League,,
482,Cristiano Ronaldo,Forwards,Standard,Interceptions,0.51,69,711,2019-2020 Champions League,,
483,Cristiano Ronaldo,Forwards,Standard,Blocks,0.13,11,711,2019-2020 Champions League,,
484,Cristiano Ronaldo,Forwards,Standard,Clearances,0.51,54,711,2019-2020 Champions League,,
485,Cristiano Ronaldo,Forwards,Standard,Aerials won,1.01,41,711,2019-2020 Champions League,,
486,Cristiano Ronaldo,Att Mid / Wingers,Standard,Non-Penalty Goals,0.59,97,2917,2019-2020 Serie A,,
487,Cristiano Ronaldo,Att Mid / Wingers,Standard,Non-Penalty xG,0.57,99,2917,2019-2020 Serie A,,
488,Cristiano Ronaldo,Att Mid / Wingers,Standard,Shots Total,6.02,99,2917,2019-2020 Serie A,,
489,Cristiano Ronaldo,Att Mid / Wingers,Standard,Assists,0.15,45,2917,2019-2020 Serie A,,
490,Cristiano Ronaldo,Att Mid / Wingers,Standard,xAG,0.2,51,2917,2019-2020 Serie A,,
491,Cristiano Ronaldo,Att Mid / Wingers,Standard,npxG + xAG,0.76,99,2917,2019-2020 Serie A,,
492,Cristiano Ronaldo,Att Mid / Wingers,Standard,Shot-Creating Actions,4.57,66,2917,2019-2020 Serie A,,
493,Cristiano Ronaldo,Att Mid / Wingers,Standard,Passes Attempted,39.09,46,2917,2019-2020 Serie A,,
494,Cristiano Ronaldo,Att Mid / Wingers,Standard,Pass Completion %,83,92,2917,2019-2020 Serie A,,
495,Cristiano Ronaldo,Att Mid / Wingers,Standard,Progressive Passes,1.97,24,2917,2019-2020 Serie A,,
496,Cristiano Ronaldo,Att Mid / Wingers,Standard,Dribbles Completed,1.64,46,2917,2019-2020 Serie A,,
497,Cristiano Ronaldo,Att Mid / Wingers,Standard,Touches (Att Pen),6.54,99,2917,2019-2020 Serie A,,
498,Cristiano Ronaldo,Att Mid / Wingers,Standard,Progressive Passes Rec,8.27,96,2917,2019-2020 Serie A,,
499,Cristiano Ronaldo,Att Mid / Wingers,Standard,Tackles,0.43,6,2917,2019-2020 Serie A,,
500,Cristiano Ronaldo,Att Mid / Wingers,Standard,Interceptions,0.19,10,2917,2019-2020 Serie A,,
501,Cristiano Ronaldo,Att Mid / Wingers,Standard,Blocks,0.31,8,2917,2019-2020 Serie A,,
502,Cristiano Ronaldo,Att Mid / Wingers,Standard,Clearances,0.65,59,2917,2019-2020 Serie A,,
503,Cristiano Ronaldo,Att Mid / Wingers,Standard,Aerials won,1.11,85,2917,2019-2020 Serie A,,
504,Cristiano Ronaldo,Forwards,Standard,Non-Penalty Goals,0.54,89,2688,2018-2019 Serie A,,
505,Cristiano Ronaldo,Forwards,Standard,Non-Penalty xG,0.59,98,2688,2018-2019 Serie A,,
506,Cristiano Ronaldo,Forwards,Standard,Shots Total,5.73,99,2688,2018-2019 Serie A,,
507,Cristiano Ronaldo,Forwards,Standard,Assists,0.27,92,2688,2018-2019 Serie A,,
508,Cristiano Ronaldo,Forwards,Standard,xAG,0.15,70,2688,2018-2019 Serie A,,
509,Cristiano Ronaldo,Forwards,Standard,npxG + xAG,0.74,98,2688,2018-2019 Serie A,,
510,Cristiano Ronaldo,Forwards,Standard,Shot-Creating Actions,4.85,89,2688,2018-2019 Serie A,,
511,Cristiano Ronaldo,Forwards,Standard,Passes Attempted,37.3,84,2688,2018-2019 Serie A,,
512,Cristiano Ronaldo,Forwards,Standard,Pass Completion %,82.1,90,2688,2018-2019 Serie A,,
513,Cristiano Ronaldo,Forwards,Standard,Progressive Passes,1.94,73,2688,2018-2019 Serie A,,
514,Cristiano Ronaldo,Forwards,Standard,Dribbles Completed,1.51,83,2688,2018-2019 Serie A,,
515,Cristiano Ronaldo,Forwards,Standard,Touches (Att Pen),6.56,95,2688,2018-2019 Serie A,,
516,Cristiano Ronaldo,Forwards,Standard,Progressive Passes Rec,9.31,96,2688,2018-2019 Serie A,,
517,Cristiano Ronaldo,Forwards,Standard,Tackles,0.33,7,2688,2018-2019 Serie A,,
518,Cristiano Ronaldo,Forwards,Standard,Interceptions,0.2,45,2688,2018-2019 Serie A,,
519,Cristiano Ronaldo,Forwards,Standard,Blocks,0.23,8,2688,2018-2019 Serie A,,
520,Cristiano Ronaldo,Forwards,Standard,Clearances,1.07,81,2688,2018-2019 Serie A,,
521,Cristiano Ronaldo,Forwards,Standard,Aerials won,1.07,37,2688,2018-2019 Serie A,,
522,Cristiano Ronaldo,Forwards,Standard,Non-Penalty Goals,0.6,78,748,2018-2019 Champions League,,
523,Cristiano Ronaldo,Forwards,Standard,Non-Penalty xG,0.49,68,748,2018-2019 Champions League,,
524,Cristiano Ronaldo,Forwards,Standard,Shots Total,5.66,98,748,2018-2019 Champions League,,
525,Cristiano Ronaldo,Forwards,Standard,Assists,0.24,73,748,2018-2019 Champions League,,
526,Cristiano Ronaldo,Forwards,Standard,xAG,0.39,91,748,2018-2019 Champions League,,
527,Cristiano Ronaldo,Forwards,Standard,npxG + xAG,0.88,91,748,2018-2019 Champions League,,
528,Cristiano Ronaldo,Forwards,Standard,Shot-Creating Actions,5.05,93,748,2018-2019 Champions League,,
529,Cristiano Ronaldo,Forwards,Standard,Passes Attempted,35.37,83,748,2018-2019 Champions League,,
530,Cristiano Ronaldo,Forwards,Standard,Pass Completion %,79.3,81,748,2018-2019 Champions League,,
531,Cristiano Ronaldo,Forwards,Standard,Progressive Passes,1.56,45,748,2018-2019 Champions League,,
532,Cristiano Ronaldo,Forwards,Standard,Dribbles Completed,2.17,91,748,2018-2019 Champions League,,
533,Cristiano Ronaldo,Forwards,Standard,Touches (Att Pen),6.02,85,748,2018-2019 Champions League,,
534,Cristiano Ronaldo,Forwards,Standard,Progressive Passes Rec,9.51,93,748,2018-2019 Champions League,,
535,Cristiano Ronaldo,Forwards,Standard,Tackles,0.36,30,748,2018-2019 Champions League,,
536,Cristiano Ronaldo,Forwards,Standard,Interceptions,0.36,63,748,2018-2019 Champions League,,
537,Cristiano Ronaldo,Forwards,Standard,Blocks,0.24,20,748,2018-2019 Champions League,,
538,Cristiano Ronaldo,Forwards,Standard,Clearances,0.72,50,748,2018-2019 Champions League,,
539,Cristiano Ronaldo,Forwards,Standard,Aerials won,1.93,60,748,2018-2019 Champions League,,
540,Cristiano Ronaldo,Forwards,Standard,Non-Penalty Goals,0.75,85,360,2018 FIFA World Cup,,
541,Cristiano Ronaldo,Forwards,Standard,Non-Penalty xG,0.35,60,360,2018 FIFA World Cup,,
542,Cristiano Ronaldo,Forwards,Standard,Shots Total,4.75,98,360,2018 FIFA World Cup,,
543,Cristiano Ronaldo,Forwards,Standard,Assists,0,29,360,2018 FIFA World Cup,,
544,Cristiano Ronaldo,Forwards,Standard,xAG,0.13,56,360,2018 FIFA World Cup,,
545,Cristiano Ronaldo,Forwards,Standard,npxG + xAG,0.48,63,360,2018 FIFA World Cup,,
546,Cristiano Ronaldo,Forwards,Standard,Shot-Creating Actions,3.5,82,360,2018 FIFA World Cup,,
547,Cristiano Ronaldo,Forwards,Standard,Passes Attempted,30.75,92,360,2018 FIFA World Cup,,
548,Cristiano Ronaldo,Forwards,Standard,Pass Completion %,80.5,85,360,2018 FIFA World Cup,,
549,Cristiano Ronaldo,Forwards,Standard,Progressive Passes,1,34,360,2018 FIFA World Cup,,
550,Cristiano Ronaldo,Forwards,Standard,Dribbles Completed,1.75,79,360,2018 FIFA World Cup,,
551,Cristiano Ronaldo,Forwards,Standard,Touches (Att Pen),3.25,27,360,2018 FIFA World Cup,,
552,Cristiano Ronaldo,Forwards,Standard,Progressive Passes Rec,5,37,360,2018 FIFA World Cup,,
553,Cristiano Ronaldo,Forwards,Standard,Tackles,0,6,360,2018 FIFA World Cup,,
554,Cristiano Ronaldo,Forwards,Standard,Interceptions,0,24,360,2018 FIFA World Cup,,
555,Cristiano Ronaldo,Forwards,Standard,Blocks,0.5,27,360,2018 FIFA World Cup,,
556,Cristiano Ronaldo,Forwards,Standard,Clearances,1,58,360,2018 FIFA World Cup,,
557,Cristiano Ronaldo,Forwards,Standard,Aerials won,2,37,360,2018 FIFA World Cup,,
558,Cristiano Ronaldo,Forwards,Standard,Non-Penalty Goals,0.91,97,2285,2017-2018 La Liga,,
559,Cristiano Ronaldo,Forwards,Standard,Non-Penalty xG,0.87,99,2285,2017-2018 La Liga,,
560,Cristiano Ronaldo,Forwards,Standard,Shots Total,6.85,99,2285,2017-2018 La Liga,,
561,Cristiano Ronaldo,Forwards,Standard,Assists,0.2,81,2285,2017-2018 La Liga,,
562,Cristiano Ronaldo,Forwards,Standard,xAG,0.2,82,2285,2017-2018 La Liga,,
563,Cristiano Ronaldo,Forwards,Standard,npxG + xAG,1.06,97,2285,2017-2018 La Liga,,
564,Cristiano Ronaldo,Forwards,Standard,Shot-Creating Actions,3.9,92,2285,2017-2018 La Liga,,
565,Cristiano Ronaldo,Forwards,Standard,Passes Attempted,31.08,77,2285,2017-2018 La Liga,,
566,Cristiano Ronaldo,Forwards,Standard,Pass Completion %,77.9,93,2285,2017-2018 La Liga,,
567,Cristiano Ronaldo,Forwards,Standard,Progressive Passes,1.97,79,2285,2017-2018 La Liga,,
568,Cristiano Ronaldo,Forwards,Standard,Dribbles Completed,1.22,68,2285,2017-2018 La Liga,,
569,Cristiano Ronaldo,Forwards,Standard,Touches (Att Pen),9.1,99,2285,2017-2018 La Liga,,
570,Cristiano Ronaldo,Forwards,Standard,Progressive Passes Rec,9.22,95,2285,2017-2018 La Liga,,
571,Cristiano Ronaldo,Forwards,Standard,Tackles,0.28,6,2285,2017-2018 La Liga,,
572,Cristiano Ronaldo,Forwards,Standard,Interceptions,0.24,36,2285,2017-2018 La Liga,,
573,Cristiano Ronaldo,Forwards,Standard,Blocks,0.39,19,2285,2017-2018 La Liga,,
574,Cristiano Ronaldo,Forwards,Standard,Clearances,0.55,38,2285,2017-2018 La Liga,,
575,Cristiano Ronaldo,Forwards,Standard,Aerials won,1.34,44,2285,2017-2018 La Liga,,
576,Cristiano Ronaldo,Forwards,Standard,Non-Penalty Goals,0.85,90,1170,2017-2018 Champions League,,
577,Cristiano Ronaldo,Forwards,Standard,Non-Penalty xG,0.9,97,1170,2017-2018 Champions League,,
578,Cristiano Ronaldo,Forwards,Standard,Shots Total,6,99,1170,2017-2018 Champions League,,
579,Cristiano Ronaldo,Forwards,Standard,Assists,0.23,68,1170,2017-2018 Champions League,,
580,Cristiano Ronaldo,Forwards,Standard,xAG,0.25,84,1170,2017-2018 Champions League,,
581,Cristiano Ronaldo,Forwards,Standard,npxG + xAG,1.15,99,1170,2017-2018 Champions League,,
582,Cristiano Ronaldo,Forwards,Standard,Shot-Creating Actions,3.77,84,1170,2017-2018 Champions League,,
583,Cristiano Ronaldo,Forwards,Standard,Passes Attempted,31.38,73,1170,2017-2018 Champions League,,
584,Cristiano Ronaldo,Forwards,Standard,Pass Completion %,78.2,80,1170,2017-2018 Champions League,,
585,Cristiano Ronaldo,Forwards,Standard,Progressive Passes,1.38,40,1170,2017-2018 Champions League,,
586,Cristiano Ronaldo,Forwards,Standard,Dribbles Completed,1.69,75,1170,2017-2018 Champions League,,
587,Cristiano Ronaldo,Forwards,Standard,Touches (Att Pen),9.38,99,1170,2017-2018 Champions League,,
588,Cristiano Ronaldo,Forwards,Standard,Progressive Passes Rec,9.62,90,1170,2017-2018 Champions League,,
589,Cristiano Ronaldo,Forwards,Standard,Tackles,0.38,18,1170,2017-2018 Champions League,,
590,Cristiano Ronaldo,Forwards,Standard,Interceptions,0.23,36,1170,2017-2018 Champions League,,
591,Cristiano Ronaldo,Forwards,Standard,Blocks,0.62,53,1170,2017-2018 Champions League,,
592,Cristiano Ronaldo,Forwards,Standard,Clearances,0.77,68,1170,2017-2018 Champions League,,
593,Cristiano Ronaldo,Forwards,Standard,Aerials won,1.69,58,1170,2017-2018 Champions League,,
,Vinicius Júnior,Att Mid / Wingers,Standard,Non-Penalty Goals,0.48,92,3596,Last 365 Days,,
,Vinicius Júnior,Att Mid / Wingers,Standard,Non-Penalty xG,0.5,97,3596,Last 365 Days,,
,Vinicius Júnior,Att Mid / Wingers,Standard,Shots Total,2.68,74,3596,Last 365 Days,,
,Vinicius Júnior,Att Mid / Wingers,Standard,Assists,0.33,85,3596,Last 365 Days,,
,Vinicius Júnior,Att Mid / Wingers,Standard,xAG,0.28,83,3596,Last 365 Days,,
,Vinicius Júnior,Att Mid / Wingers,Standard,npxG + xAG,0.78,96,3596,Last 365 Days,,
,Vinicius Júnior,Att Mid / Wingers,Standard,Shot-Creating Actions,4.98,89,3596,Last 365 Days,,
,Vinicius Júnior,Att Mid / Wingers,Standard,Passes Attempted,37.74,44,3596,Last 365 Days,,
,Vinicius Júnior,Att Mid / Wingers,Standard,Pass Completion %,80,74,3596,Last 365 Days,,
,Vinicius Júnior,Att Mid / Wingers,Standard,Progressive Passes,2.1,20,3596,Last 365 Days,,
,Vinicius Júnior,Att Mid / Wingers,Standard,Dribbles Completed,2.78,92,3596,Last 365 Days,,
,Vinicius Júnior,Att Mid / Wingers,Standard,Touches (Att Pen),7.38,98,3596,Last 365 Days,,
,Vinicius Júnior,Att Mid / Wingers,Standard,Progressive Passes Rec,8.78,96,3596,Last 365 Days,,
,Vinicius Júnior,Att Mid / Wingers,Standard,Tackles,1.33,63,3596,Last 365 Days,,
,Vinicius Júnior,Att Mid / Wingers,Standard,Interceptions,0.28,18,3596,Last 365 Days,,
,Vinicius Júnior,Att Mid / Wingers,Standard,Blocks,0.75,36,3596,Last 365 Days,,
,Vinicius Júnior,Att Mid / Wingers,Standard,Clearances,0.08,5,3596,Last 365 Days,,
,Vinicius Júnior,Att Mid / Wingers,Standard,Aerials won,0.05,2,3596,Last 365 Days,,
,Vinicius Júnior,Att Mid / Wingers,Standard,Non-Penalty Goals,0.82,93,439,2022-2023 Champions League,,
,Vinicius Júnior,Att Mid / Wingers,Standard,Non-Penalty xG,0.96,99,439,2022-2023 Champions League,,
,Vinicius Júnior,Att Mid / Wingers,Standard,Shots Total,5.13,98,439,2022-2023 Champions League,,
,Vinicius Júnior,Att Mid / Wingers,Standard,Assists,0.21,58,439,2022-2023 Champions League,,
,Vinicius Júnior,Att Mid / Wingers,Standard,xAG,0.14,39,439,2022-2023 Champions League,,
,Vinicius Júnior,Att Mid / Wingers,Standard,npxG + xAG,1.11,99,439,2022-2023 Champions League,,
,Vinicius Júnior,Att Mid / Wingers,Standard,Shot-Creating Actions,5.54,85,439,2022-2023 Champions League,,
,Vinicius Júnior,Att Mid / Wingers,Standard,Passes Attempted,46.13,73,439,2022-2023 Champions League,,
,Vinicius Júnior,Att Mid / Wingers,Standard,Pass Completion %,78.7,54,439,2022-2023 Champions League,,
,Vinicius Júnior,Att Mid / Wingers,Standard,Progressive Passes,1.44,17,439,2022-2023 Champions League,,
,Vinicius Júnior,Att Mid / Wingers,Standard,Dribbles Completed,4.72,99,439,2022-2023 Champions League,,
,Vinicius Júnior,Att Mid / Wingers,Standard,Touches (Att Pen),9.43,99,439,2022-2023 Champions League,,
,Vinicius Júnior,Att Mid / Wingers,Standard,Progressive Passes Rec,9.64,95,439,2022-2023 Champions League,,
,Vinicius Júnior,Att Mid / Wingers,Standard,Tackles,1.03,40,439,2022-2023 Champions League,,
,Vinicius Júnior,Att Mid / Wingers,Standard,Interceptions,0,9,439,2022-2023 Champions League,,
,Vinicius Júnior,Att Mid / Wingers,Standard,Blocks,1.03,65,439,2022-2023 Champions League,,
,Vinicius Júnior,Att Mid / Wingers,Standard,Clearances,0.21,36,439,2022-2023 Champions League,,
,Vinicius Júnior,Att Mid / Wingers,Standard,Aerials won,0.21,30,439,2022-2023 Champions League,,
,Vinicius Júnior,Att Mid / Wingers,Standard,Non-Penalty Goals,0.41,90,1314,2022-2023 La Liga,,
,Vinicius Júnior,Att Mid / Wingers,Standard,Non-Penalty xG,0.43,90,1314,2022-2023 La Liga,,
,Vinicius Júnior,Att Mid / Wingers,Standard,Shots Total,2.67,74,1314,2022-2023 La Liga,,
,Vinicius Júnior,Att Mid / Wingers,Standard,Assists,0.21,74,1314,2022-2023 La Liga,,
,Vinicius Júnior,Att Mid / Wingers,Standard,xAG,0.26,90,1314,2022-2023 La Liga,,
,Vinicius Júnior,Att Mid / Wingers,Standard,npxG + xAG,0.69,86,1314,2022-2023 La Liga,,
,Vinicius Júnior,Att Mid / Wingers,Standard,Shot-Creating Actions,4.45,82,1314,2022-2023 La Liga,,
,Vinicius Júnior,Att Mid / Wingers,Standard,Passes Attempted,35.34,26,1314,2022-2023 La Liga,,
,Vinicius Júnior,Att Mid / Wingers,Standard,Pass Completion %,78.7,56,1314,2022-2023 La Liga,,
,Vinicius Júnior,Att Mid / Wingers,Standard,Progressive Passes,2.12,34,1314,2022-2023 La Liga,,
,Vinicius Júnior,Att Mid / Wingers,Standard,Dribbles Completed,2.33,98,1314,2022-2023 La Liga,,
,Vinicius Júnior,Att Mid / Wingers,Standard,Touches (Att Pen),6.92,86,1314,2022-2023 La Liga,,
,Vinicius Júnior,Att Mid / Wingers,Standard,Progressive Passes Rec,7.95,86,1314,2022-2023 La Liga,,
,Vinicius Júnior,Att Mid / Wingers,Standard,Tackles,1.3,54,1314,2022-2023 La Liga,,
,Vinicius Júnior,Att Mid / Wingers,Standard,Interceptions,0.41,54,1314,2022-2023 La Liga,,
,Vinicius Júnior,Att Mid / Wingers,Standard,Blocks,0.89,54,1314,2022-2023 La Liga,,
,Vinicius Júnior,Att Mid / Wingers,Standard,Clearances,0.07,14,1314,2022-2023 La Liga,,
,Vinicius Júnior,Att Mid / Wingers,Standard,Aerials won,0,4,1314,2022-2023 La Liga,,
,Vinicius Júnior,Att Mid / Wingers,Standard,Non-Penalty Goals,0.3,74,299,2022 World Cup,,
,Vinicius Júnior,Att Mid / Wingers,Standard,Non-Penalty xG,0.3,74,299,2022 World Cup,,
,Vinicius Júnior,Att Mid / Wingers,Standard,Shots Total,2.71,80,299,2022 World Cup,,
,Vinicius Júnior,Att Mid / Wingers,Standard,Assists,0.6,91,299,2022 World Cup,,
,Vinicius Júnior,Att Mid / Wingers,Standard,xAG,0.21,64,299,2022 World Cup,,
,Vinicius Júnior,Att Mid / Wingers,Standard,npxG + xAG,0.51,77,299,2022 World Cup,,
,Vinicius Júnior,Att Mid / Wingers,Standard,Shot-Creating Actions,4.82,77,299,2022 World Cup,,
,Vinicius Júnior,Att Mid / Wingers,Standard,Passes Attempted,27.09,15,299,2022 World Cup,,
,Vinicius Júnior,Att Mid / Wingers,Standard,Pass Completion %,75.6,58,299,2022 World Cup,,
,Vinicius Júnior,Att Mid / Wingers,Standard,Progressive Passes,0.9,9,299,2022 World Cup,,
,Vinicius Júnior,Att Mid / Wingers,Standard,Dribbles Completed,1.51,72,299,2022 World Cup,,
,Vinicius Júnior,Att Mid / Wingers,Standard,Touches (Att Pen),5.72,82,299,2022 World Cup,,
,Vinicius Júnior,Att Mid / Wingers,Standard,Progressive Passes Rec,6.62,77,299,2022 World Cup,,
,Vinicius Júnior,Att Mid / Wingers,Standard,Tackles,0.9,42,299,2022 World Cup,,
,Vinicius Júnior,Att Mid / Wingers,Standard,Interceptions,0,12,299,2022 World Cup,,
,Vinicius Júnior,Att Mid / Wingers,Standard,Blocks,1.51,77,299,2022 World Cup,,
,Vinicius Júnior,Att Mid / Wingers,Standard,Clearances,0,20,299,2022 World Cup,,
,Vinicius Júnior,Att Mid / Wingers,Standard,Aerials won,0,14,299,2022 World Cup,,
,Vinicius Júnior,Att Mid / Wingers,Standard,Non-Penalty Goals,0.57,95,2690,2021-2022 La Liga,,
,Vinicius Júnior,Att Mid / Wingers,Standard,Non-Penalty xG,0.46,97,2690,2021-2022 La Liga,,
,Vinicius Júnior,Att Mid / Wingers,Standard,Shots Total,2.68,82,2690,2021-2022 La Liga,,
,Vinicius Júnior,Att Mid / Wingers,Standard,Assists,0.33,94,2690,2021-2022 La Liga,,
,Vinicius Júnior,Att Mid / Wingers,Standard,xAG,0.27,94,2690,2021-2022 La Liga,,
,Vinicius Júnior,Att Mid / Wingers,Standard,npxG + xAG,0.74,99,2690,2021-2022 La Liga,,
,Vinicius Júnior,Att Mid / Wingers,Standard,Shot-Creating Actions,6.26,95,2690,2021-2022 La Liga,,
,Vinicius Júnior,Att Mid / Wingers,Standard,Passes Attempted,43.13,64,2690,2021-2022 La Liga,,
,Vinicius Júnior,Att Mid / Wingers,Standard,Pass Completion %,83.4,86,2690,2021-2022 La Liga,,
,Vinicius Júnior,Att Mid / Wingers,Standard,Progressive Passes,3.08,73,2690,2021-2022 La Liga,,
,Vinicius Júnior,Att Mid / Wingers,Standard,Dribbles Completed,3.18,92,2690,2021-2022 La Liga,,
,Vinicius Júnior,Att Mid / Wingers,Standard,Touches (Att Pen),7.63,95,2690,2021-2022 La Liga,,
,Vinicius Júnior,Att Mid / Wingers,Standard,Progressive Passes Rec,9,95,2690,2021-2022 La Liga,,
,Vinicius Júnior,Att Mid / Wingers,Standard,Tackles,1.54,64,2690,2021-2022 La Liga,,
,Vinicius Júnior,Att Mid / Wingers,Standard,Interceptions,0.2,6,2690,2021-2022 La Liga,,
,Vinicius Júnior,Att Mid / Wingers,Standard,Blocks,0.84,40,2690,2021-2022 La Liga,,
,Vinicius Júnior,Att Mid / Wingers,Standard,Clearances,0.2,12,2690,2021-2022 La Liga,,
,Vinicius Júnior,Att Mid / Wingers,Standard,Aerials won,0.1,5,2690,2021-2022 La Liga,,
,Vinicius Júnior,Att Mid / Wingers,Standard,Non-Penalty Goals,0.3,58,1193,2021-2022 Champions League,,
,Vinicius Júnior,Att Mid / Wingers,Standard,Non-Penalty xG,0.31,71,1193,2021-2022 Champions League,,
,Vinicius Júnior,Att Mid / Wingers,Standard,Shots Total,2.04,54,1193,2021-2022 Champions League,,
,Vinicius Júnior,Att Mid / Wingers,Standard,Assists,0.45,87,1193,2021-2022 Champions League,,
,Vinicius Júnior,Att Mid / Wingers,Standard,xAG,0.24,64,1193,2021-2022 Champions League,,
,Vinicius Júnior,Att Mid / Wingers,Standard,npxG + xAG,0.55,65,1193,2021-2022 Champions League,,
,Vinicius Júnior,Att Mid / Wingers,Standard,Shot-Creating Actions,4.07,73,1193,2021-2022 Champions League,,
,Vinicius Júnior,Att Mid / Wingers,Standard,Passes Attempted,33.95,38,1193,2021-2022 Champions League,,
,Vinicius Júnior,Att Mid / Wingers,Standard,Pass Completion %,81.3,76,1193,2021-2022 Champions League,,
,Vinicius Júnior,Att Mid / Wingers,Standard,Progressive Passes,1.89,28,1193,2021-2022 Champions League,,
,Vinicius Júnior,Att Mid / Wingers,Standard,Dribbles Completed,2.41,77,1193,2021-2022 Champions League,,
,Vinicius Júnior,Att Mid / Wingers,Standard,Touches (Att Pen),7.39,91,1193,2021-2022 Champions League,,
,Vinicius Júnior,Att Mid / Wingers,Standard,Progressive Passes Rec,7.39,76,1193,2021-2022 Champions League,,
,Vinicius Júnior,Att Mid / Wingers,Standard,Tackles,1.58,61,1193,2021-2022 Champions League,,
,Vinicius Júnior,Att Mid / Wingers,Standard,Interceptions,0.15,20,1193,2021-2022 Champions League,,
,Vinicius Júnior,Att Mid / Wingers,Standard,Blocks,0.75,36,1193,2021-2022 Champions League,,
,Vinicius Júnior,Att Mid / Wingers,Standard,Clearances,0.08,31,1193,2021-2022 Champions League,,
,Vinicius Júnior,Att Mid / Wingers,Standard,Aerials won,0.08,17,1193,2021-2022 Champions League,,
,Vinicius Júnior,Att Mid / Wingers,Standard,Non-Penalty Goals,0.43,83,634,2020-2021 Champions League,,
,Vinicius Júnior,Att Mid / Wingers,Standard,Non-Penalty xG,0.35,76,634,2020-2021 Champions League,,
,Vinicius Júnior,Att Mid / Wingers,Standard,Shots Total,2.41,61,634,2020-2021 Champions League,,
,Vinicius Júnior,Att Mid / Wingers,Standard,Assists,0.14,39,634,2020-2021 Champions League,,
,Vinicius Júnior,Att Mid / Wingers,Standard,xAG,0.06,7,634,2020-2021 Champions League,,
,Vinicius Júnior,Att Mid / Wingers,Standard,npxG + xAG,0.41,45,634,2020-2021 Champions League,,
,Vinicius Júnior,Att Mid / Wingers,Standard,Shot-Creating Actions,2.98,36,634,2020-2021 Champions League,,
,Vinicius Júnior,Att Mid / Wingers,Standard,Passes Attempted,34.64,29,634,2020-2021 Champions League,,
,Vinicius Júnior,Att Mid / Wingers,Standard,Pass Completion %,80.7,76,634,2020-2021 Champions League,,
,Vinicius Júnior,Att Mid / Wingers,Standard,Progressive Passes,1.14,5,634,2020-2021 Champions League,,
,Vinicius Júnior,Att Mid / Wingers,Standard,Dribbles Completed,3.55,89,634,2020-2021 Champions League,,
,Vinicius Júnior,Att Mid / Wingers,Standard,Touches (Att Pen),6.25,83,634,2020-2021 Champions League,,
,Vinicius Júnior,Att Mid / Wingers,Standard,Progressive Passes Rec,7.95,83,634,2020-2021 Champions League,,
,Vinicius Júnior,Att Mid / Wingers,Standard,Tackles,1.56,79,634,2020-2021 Champions League,,
,Vinicius Júnior,Att Mid / Wingers,Standard,Interceptions,0.14,8,634,2020-2021 Champions League,,
,Vinicius Júnior,Att Mid / Wingers,Standard,Blocks,1.42,83,634,2020-2021 Champions League,,
,Vinicius Júnior,Att Mid / Wingers,Standard,Clearances,0.43,55,634,2020-2021 Champions League,,
,Vinicius Júnior,Att Mid / Wingers,Standard,Aerials won,0,7,634,2020-2021 Champions League,,
,Vinicius Júnior,Att Mid / Wingers,Standard,Non-Penalty Goals,0.14,44,1969,2020-2021 La Liga,,
,Vinicius Júnior,Att Mid / Wingers,Standard,Non-Penalty xG,0.3,85,1969,2020-2021 La Liga,,
,Vinicius Júnior,Att Mid / Wingers,Standard,Shots Total,1.83,48,1969,2020-2021 La Liga,,
,Vinicius Júnior,Att Mid / Wingers,Standard,Assists,0.14,34,1969,2020-2021 La Liga,,
,Vinicius Júnior,Att Mid / Wingers,Standard,xAG,0.22,81,1969,2020-2021 La Liga,,
,Vinicius Júnior,Att Mid / Wingers,Standard,npxG + xAG,0.52,87,1969,2020-2021 La Liga,,
,Vinicius Júnior,Att Mid / Wingers,Standard,Shot-Creating Actions,3.34,60,1969,2020-2021 La Liga,,
,Vinicius Júnior,Att Mid / Wingers,Standard,Passes Attempted,36.34,42,1969,2020-2021 La Liga,,
,Vinicius Júnior,Att Mid / Wingers,Standard,Pass Completion %,82.6,81,1969,2020-2021 La Liga,,
,Vinicius Júnior,Att Mid / Wingers,Standard,Progressive Passes,1.83,19,1969,2020-2021 La Liga,,
,Vinicius Júnior,Att Mid / Wingers,Standard,Dribbles Completed,2.01,64,1969,2020-2021 La Liga,,
,Vinicius Júnior,Att Mid / Wingers,Standard,Touches (Att Pen),5.71,91,1969,2020-2021 La Liga,,
,Vinicius Júnior,Att Mid / Wingers,Standard,Progressive Passes Rec,6.95,91,1969,2020-2021 La Liga,,
,Vinicius Júnior,Att Mid / Wingers,Standard,Tackles,1.46,79,1969,2020-2021 La Liga,,
,Vinicius Júnior,Att Mid / Wingers,Standard,Interceptions,0.32,13,1969,2020-2021 La Liga,,
,Vinicius Júnior,Att Mid / Wingers,Standard,Blocks,1.28,79,1969,2020-2021 La Liga,,
,Vinicius Júnior,Att Mid / Wingers,Standard,Clearances,0.18,11,1969,2020-2021 La Liga,,
,Vinicius Júnior,Att Mid / Wingers,Standard,Aerials won,0.18,7,1969,2020-2021 La Liga,,
,Vinicius Júnior,Att Mid / Wingers,Standard,Non-Penalty Goals,0.46,81,194,2019-2020 Champions League,,
,Vinicius Júnior,Att Mid / Wingers,Standard,Non-Penalty xG,0.28,63,194,2019-2020 Champions League,,
,Vinicius Júnior,Att Mid / Wingers,Standard,Shots Total,1.39,25,194,2019-2020 Champions League,,
,Vinicius Júnior,Att Mid / Wingers,Standard,Assists,0.46,78,194,2019-2020 Champions League,,
,Vinicius Júnior,Att Mid / Wingers,Standard,xAG,0.42,78,194,2019-2020 Champions League,,
,Vinicius Júnior,Att Mid / Wingers,Standard,npxG + xAG,0.7,72,194,2019-2020 Champions League,,
,Vinicius Júnior,Att Mid / Wingers,Standard,Shot-Creating Actions,3.71,45,194,2019-2020 Champions League,,
,Vinicius Júnior,Att Mid / Wingers,Standard,Passes Attempted,40.36,40,194,2019-2020 Champions League,,
,Vinicius Júnior,Att Mid / Wingers,Standard,Pass Completion %,78.2,60,194,2019-2020 Champions League,,
,Vinicius Júnior,Att Mid / Wingers,Standard,Progressive Passes,2.32,37,194,2019-2020 Champions League,,
,Vinicius Júnior,Att Mid / Wingers,Standard,Dribbles Completed,2.32,60,194,2019-2020 Champions League,,
,Vinicius Júnior,Att Mid / Wingers,Standard,Touches (Att Pen),5.1,70,194,2019-2020 Champions League,,
,Vinicius Júnior,Att Mid / Wingers,Standard,Progressive Passes Rec,6.96,69,194,2019-2020 Champions League,,
,Vinicius Júnior,Att Mid / Wingers,Standard,Tackles,2.32,84,194,2019-2020 Champions League,,
,Vinicius Júnior,Att Mid / Wingers,Standard,Interceptions,0.46,48,194,2019-2020 Champions League,,
,Vinicius Júnior,Att Mid / Wingers,Standard,Blocks,0,2,194,2019-2020 Champions League,,
,Vinicius Júnior,Att Mid / Wingers,Standard,Clearances,0,12,194,2019-2020 Champions League,,
,Vinicius Júnior,Att Mid / Wingers,Standard,Aerials won,0.46,52,194,2019-2020 Champions League,,
,Vinicius Júnior,Att Mid / Wingers,Standard,Non-Penalty Goals,0.2,61,1364,2019-2020 La Liga,,
,Vinicius Júnior,Att Mid / Wingers,Standard,Non-Penalty xG,0.28,86,1364,2019-2020 La Liga,,
,Vinicius Júnior,Att Mid / Wingers,Standard,Shots Total,2.51,75,1364,2019-2020 La Liga,,
,Vinicius Júnior,Att Mid / Wingers,Standard,Assists,0.07,18,1364,2019-2020 La Liga,,
,Vinicius Júnior,Att Mid / Wingers,Standard,xAG,0.22,84,1364,2019-2020 La Liga,,
,Vinicius Júnior,Att Mid / Wingers,Standard,npxG + xAG,0.51,93,1364,2019-2020 La Liga,,
,Vinicius Júnior,Att Mid / Wingers,Standard,Shot-Creating Actions,4.16,80,1364,2019-2020 La Liga,,
,Vinicius Júnior,Att Mid / Wingers,Standard,Passes Attempted,35.43,48,1364,2019-2020 La Liga,,
,Vinicius Júnior,Att Mid / Wingers,Standard,Pass Completion %,76.9,65,1364,2019-2020 La Liga,,
,Vinicius Júnior,Att Mid / Wingers,Standard,Progressive Passes,1.58,24,1364,2019-2020 La Liga,,
,Vinicius Júnior,Att Mid / Wingers,Standard,Dribbles Completed,3.17,92,1364,2019-2020 La Liga,,
,Vinicius Júnior,Att Mid / Wingers,Standard,Touches (Att Pen),9.17,99,1364,2019-2020 La Liga,,
,Vinicius Júnior,Att Mid / Wingers,Standard,Progressive Passes Rec,8.38,97,1364,2019-2020 La Liga,,
,Vinicius Júnior,Att Mid / Wingers,Standard,Tackles,1.72,82,1364,2019-2020 La Liga,,
,Vinicius Júnior,Att Mid / Wingers,Standard,Interceptions,0.2,8,1364,2019-2020 La Liga,,
,Vinicius Júnior,Att Mid / Wingers,Standard,Blocks,0.92,59,1364,2019-2020 La Liga,,
,Vinicius Júnior,Att Mid / Wingers,Standard,Clearances,0.13,10,1364,2019-2020 La Liga,,
,Vinicius Júnior,Att Mid / Wingers,Standard,Aerials won,0.26,8,1364,2019-2020 La Liga,,
,Vinicius Júnior,Att Mid / Wingers,Standard,Non-Penalty Goals,0.21,69,869,2018-2019 La Liga,,
,Vinicius Júnior,Att Mid / Wingers,Standard,Non-Penalty xG,0.37,91,869,2018-2019 La Liga,,
,Vinicius Júnior,Att Mid / Wingers,Standard,Shots Total,4.35,97,869,2018-2019 La Liga,,
,Vinicius Júnior,Att Mid / Wingers,Standard,Assists,0,6,869,2018-2019 La Liga,,
,Vinicius Júnior,Att Mid / Wingers,Standard,xAG,0.16,51,869,2018-2019 La Liga,,
,Vinicius Júnior,Att Mid / Wingers,Standard,npxG + xAG,0.53,94,869,2018-2019 La Liga,,
,Vinicius Júnior,Att Mid / Wingers,Standard,Shot-Creating Actions,4.45,87,869,2018-2019 La Liga,,
,Vinicius Júnior,Att Mid / Wingers,Standard,Passes Attempted,32,28,869,2018-2019 La Liga,,
,Vinicius Júnior,Att Mid / Wingers,Standard,Pass Completion %,72.5,44,869,2018-2019 La Liga,,
,Vinicius Júnior,Att Mid / Wingers,Standard,Progressive Passes,1.66,16,869,2018-2019 La Liga,,
,Vinicius Júnior,Att Mid / Wingers,Standard,Dribbles Completed,4.25,94,869,2018-2019 La Liga,,
,Vinicius Júnior,Att Mid / Wingers,Standard,Touches (Att Pen),8.6,99,869,2018-2019 La Liga,,
,Vinicius Júnior,Att Mid / Wingers,Standard,Progressive Passes Rec,8.29,94,869,2018-2019 La Liga,,
,Vinicius Júnior,Att Mid / Wingers,Standard,Tackles,1.04,33,869,2018-2019 La Liga,,
,Vinicius Júnior,Att Mid / Wingers,Standard,Interceptions,0.73,55,869,2018-2019 La Liga,,
,Vinicius Júnior,Att Mid / Wingers,Standard,Blocks,0.62,19,869,2018-2019 La Liga,,
,Vinicius Júnior,Att Mid / Wingers,Standard,Clearances,0.1,3,869,2018-2019 La Liga,,
,Vinicius Júnior,Att Mid / Wingers,Standard,Aerials won,0.1,4,869,2018-2019 La Liga,,
,Vinicius Júnior,Att Mid / Wingers,Standard,Non-Penalty Goals,0,16,233,2018-2019 Champions League,,
,Vinicius Júnior,Att Mid / Wingers,Standard,Non-Penalty xG,0.19,41,233,2018-2019 Champions League,,
,Vinicius Júnior,Att Mid / Wingers,Standard,Shots Total,3.48,82,233,2018-2019 Champions League,,
,Vinicius Júnior,Att Mid / Wingers,Standard,Assists,0.77,97,233,2018-2019 Champions League,,
,Vinicius Júnior,Att Mid / Wingers,Standard,xAG,0.27,67,233,2018-2019 Champions League,,
,Vinicius Júnior,Att Mid / Wingers,Standard,npxG + xAG,0.5,57,233,2018-2019 Champions League,,
,Vinicius Júnior,Att Mid / Wingers,Standard,Shot-Creating Actions,5.79,89,233,2018-2019 Champions League,,
,Vinicius Júnior,Att Mid / Wingers,Standard,Passes Attempted,27.42,21,233,2018-2019 Champions League,,
,Vinicius Júnior,Att Mid / Wingers,Standard,Pass Completion %,74.6,38,233,2018-2019 Champions League,,
,Vinicius Júnior,Att Mid / Wingers,Standard,Progressive Passes,1.55,13,233,2018-2019 Champions League,,
,Vinicius Júnior,Att Mid / Wingers,Standard,Dribbles Completed,4.25,97,233,2018-2019 Champions League,,
,Vinicius Júnior,Att Mid / Wingers,Standard,Touches (Att Pen),8.11,96,233,2018-2019 Champions League,,
,Vinicius Júnior,Att Mid / Wingers,Standard,Progressive Passes Rec,6.57,63,233,2018-2019 Champions League,,
,Vinicius Júnior,Att Mid / Wingers,Standard,Tackles,2.32,83,233,2018-2019 Champions League,,
,Vinicius Júnior,Att Mid / Wingers,Standard,Interceptions,0,3,233,2018-2019 Champions League,,
,Vinicius Júnior,Att Mid / Wingers,Standard,Blocks,0.77,46,233,2018-2019 Champions League,,
,Vinicius Júnior,Att Mid / Wingers,Standard,Clearances,0,9,233,2018-2019 Champions League,,
,Vinicius Júnior,Att Mid / Wingers,Standard,Aerials won,0,10,233,2018-2019 Champions League,,
